time,sent_4
2019-01-06 22:00:00,0.004876154353386286
2019-01-07 02:00:00,0.0377369759699786
2019-01-07 06:00:00,0.06551523741615695
2019-01-07 10:00:00,0.09805148867941972
2019-01-07 14:00:00,0.13513048027389385
2019-01-07 18:00:00,0.1681356122263732
2019-01-07 22:00:00,0.18466582960778002
2019-01-08 02:00:00,0.20374438733883216
2019-01-08 06:00:00,0.22120224075517206
2019-01-08 10:00:00,0.2237810585031124
2019-01-08 14:00:00,0.2106009004900528
2019-01-08 18:00:00,0.2005893734238181
2019-01-08 22:00:00,0.2004107344799151
2019-01-09 02:00:00,0.20211635917032664
2019-01-09 06:00:00,0.2068113041843147
2019-01-09 10:00:00,0.19814406369116588
2019-01-09 14:00:00,0.18620996473741924
2019-01-09 18:00:00,0.17343707904718408
2019-01-09 22:00:00,0.15469155815737054
2019-01-10 02:00:00,0.13729531762317526
2019-01-10 06:00:00,0.12204587850225007
2019-01-10 10:00:00,0.11242915750860172
2019-01-10 14:00:00,0.10776222068957786
2019-01-10 18:00:00,0.10313311033947947
2019-01-10 22:00:00,0.10071046695046287
2019-01-11 02:00:00,0.09629717097740498
2019-01-11 06:00:00,0.09086321557378024
2019-01-11 10:00:00,0.10247509409853384
2019-01-11 14:00:00,0.12815481272684892
2019-01-11 18:00:00,0.1434039224573827
2019-01-13 22:00:00,0.1493652321411585
2019-01-14 02:00:00,0.14691147187497744
2019-01-14 06:00:00,0.13980706488877934
2019-01-14 10:00:00,0.13752109884571803
2019-01-14 14:00:00,0.14667929337089014
2019-01-14 18:00:00,0.14373814439666627
2019-01-14 22:00:00,0.1580868611470718
2019-01-15 02:00:00,0.1828131735953817
2019-01-15 06:00:00,0.17984105390181626
2019-01-15 10:00:00,0.1633054237473128
2019-01-15 14:00:00,0.12158950342869512
2019-01-15 18:00:00,0.1272101796012233
2019-01-15 22:00:00,0.11410102887354324
2019-01-16 02:00:00,0.11303721167428575
2019-01-16 06:00:00,0.11811015256646396
2019-01-16 10:00:00,0.11878517939930168
2019-01-16 14:00:00,0.1238694688218724
2019-01-16 18:00:00,0.13717826044369782
2019-01-16 22:00:00,0.14077716342103486
2019-01-17 02:00:00,0.14081685035674807
2019-01-17 06:00:00,0.1313853239025578
2019-01-17 10:00:00,0.13554708542744714
2019-01-17 14:00:00,0.15493976849396818
2019-01-17 18:00:00,0.18278749950099013
2019-01-17 22:00:00,0.2059693514037887
2019-01-18 02:00:00,0.2171796871251157
2019-01-18 06:00:00,0.21810775030037435
2019-01-18 10:00:00,0.2069016533216078
2019-01-18 14:00:00,0.19577483866479614
2019-01-18 18:00:00,0.17618722197755338
2019-01-20 22:00:00,0.14682074076999813
2019-01-21 02:00:00,0.12284286556139308
2019-01-21 06:00:00,0.09557123466594523
2019-01-21 10:00:00,0.0792488536627598
2019-01-21 14:00:00,0.07374791951384467
2019-01-21 18:00:00,0.06650866761544211
2019-01-21 22:00:00,0.056714278277472226
2019-01-22 02:00:00,0.035790775224603284
2019-01-22 06:00:00,0.031072822044758138
2019-01-22 10:00:00,0.02752711108065536
2019-01-22 14:00:00,0.0314079494765358
2019-01-22 18:00:00,0.0320499123405904
2019-01-22 22:00:00,0.03960151214329466
2019-01-23 02:00:00,0.04158327475730439
2019-01-23 06:00:00,0.053863561014565575
2019-01-23 10:00:00,0.08106862266813307
2019-01-23 14:00:00,0.0966867648878601
2019-01-23 18:00:00,0.11095297096315547
2019-01-23 22:00:00,0.11900188528615264
2019-01-24 02:00:00,0.12481293576751963
2019-01-24 06:00:00,0.12219942693882645
2019-01-24 10:00:00,0.10708999937923004
2019-01-24 14:00:00,0.09057742915448264
2019-01-24 18:00:00,0.08717630546374601
2019-01-24 22:00:00,0.0967679300694736
2019-01-25 02:00:00,0.11071093005843913
2019-01-25 06:00:00,0.10514221837095217
2019-01-25 10:00:00,0.10263814655683924
2019-01-25 14:00:00,0.1186495606640292
2019-01-25 18:00:00,0.12584016674450027
2019-01-27 22:00:00,0.12309909157220522
2019-01-28 02:00:00,0.11170079935918076
2019-01-28 06:00:00,0.09248076418638408
2019-01-28 10:00:00,0.07672206001543114
2019-01-28 14:00:00,0.057057988147034
2019-01-28 18:00:00,0.037311529971032716
2019-01-28 22:00:00,0.012853746395329768
2019-01-29 02:00:00,-0.002611192698113607
2019-01-29 06:00:00,-0.007730664172333812
2019-01-29 10:00:00,-0.0051651864141405435
2019-01-29 14:00:00,-0.024739494386811
2019-01-29 18:00:00,-0.062451852493826565
2019-01-29 22:00:00,-0.08822964644641497
2019-01-30 02:00:00,-0.10789406761863696
2019-01-30 06:00:00,-0.11644845611429633
2019-01-30 10:00:00,-0.124371896220823
2019-01-30 14:00:00,-0.13680398512352002
2019-01-30 18:00:00,-0.1476981062599
2019-01-30 22:00:00,-0.1592821706234705
2019-01-31 02:00:00,-0.17029365395910867
2019-01-31 06:00:00,-0.18671357823975546
2019-01-31 10:00:00,-0.19766547306465326
2019-01-31 14:00:00,-0.19419331133147444
2019-01-31 18:00:00,-0.19247474149714566
2019-01-31 22:00:00,-0.19267413126496968
2019-02-01 02:00:00,-0.18893363071809025
2019-02-01 06:00:00,-0.19896367975411802
2019-02-01 10:00:00,-0.19750466873394865
2019-02-01 14:00:00,-0.16710551677618313
2019-02-01 18:00:00,-0.1454150257366511
2019-02-03 22:00:00,-0.12510207889831576
2019-02-04 02:00:00,-0.10278692075385888
2019-02-04 06:00:00,-0.08316607442347722
2019-02-04 10:00:00,-0.06595201629624042
2019-02-04 14:00:00,-0.0584670377230021
2019-02-04 18:00:00,-0.0554970419657545
2019-02-04 22:00:00,-0.047670987630139834
2019-02-05 02:00:00,-0.048607354448306384
2019-02-05 06:00:00,-0.04908876198571272
2019-02-05 10:00:00,-0.06321215521885233
2019-02-05 14:00:00,-0.08394294755910386
2019-02-05 18:00:00,-0.09715257976425977
2019-02-05 22:00:00,-0.10346360032786947
2019-02-06 02:00:00,-0.1155398147562086
2019-02-06 06:00:00,-0.1239813323763867
2019-02-06 10:00:00,-0.12509095657748287
2019-02-06 14:00:00,-0.1287556130080287
2019-02-06 18:00:00,-0.1291848903382834
2019-02-06 22:00:00,-0.13235519167356638
2019-02-07 02:00:00,-0.12775888607256755
2019-02-07 06:00:00,-0.12758234728262108
2019-02-07 10:00:00,-0.11563930488550457
2019-02-07 14:00:00,-0.10553905217651477
2019-02-07 18:00:00,-0.09918830108530294
2019-02-07 22:00:00,-0.09676419503670136
2019-02-08 02:00:00,-0.09200838336228484
2019-02-08 06:00:00,-0.08889721417186798
2019-02-08 10:00:00,-0.07568771153239727
2019-02-08 14:00:00,-0.07804663943803614
2019-02-08 18:00:00,-0.07410500698330236
2019-02-10 22:00:00,-0.07001863873185632
2019-02-11 02:00:00,-0.06009653265269847
2019-02-11 06:00:00,-0.05160165313379708
2019-02-11 10:00:00,-0.04284548819355352
2019-02-11 14:00:00,-0.043945981640857
2019-02-11 18:00:00,-0.045169445826831335
2019-02-11 22:00:00,-0.03830619628254882
2019-02-12 02:00:00,-0.03018744540558752
2019-02-12 06:00:00,-0.02860332677354603
2019-02-12 10:00:00,-0.020849306486016652
2019-02-12 14:00:00,-0.008801479716628383
2019-02-12 18:00:00,0.00013674176588535092
2019-02-12 22:00:00,0.013634531386954377
2019-02-13 02:00:00,0.030639524445791724
2019-02-13 06:00:00,0.03676633381894931
2019-02-13 10:00:00,0.04968144638382448
2019-02-13 14:00:00,0.04839797044251647
2019-02-13 18:00:00,0.047623943056258715
2019-02-13 22:00:00,0.04813460815437867
2019-02-14 02:00:00,0.054354327075178274
2019-02-14 06:00:00,0.0467265162811447
2019-02-14 10:00:00,0.024962210325919616
2019-02-14 14:00:00,0.0002508310353579596
2019-02-14 18:00:00,-0.02494274011505126
2019-02-14 22:00:00,-0.049851954991083865
2019-02-15 02:00:00,-0.06640743726066868
2019-02-15 06:00:00,-0.07218078696507696
2019-02-15 10:00:00,-0.0704656054426565
2019-02-15 14:00:00,-0.05005591622950621
2019-02-15 18:00:00,-0.031898821893254235
2019-02-17 22:00:00,-0.0070845577200359675
2019-02-18 02:00:00,0.011999225752272608
2019-02-18 06:00:00,0.028946878394657663
2019-02-18 10:00:00,0.044629079733780934
2019-02-18 14:00:00,0.05765278377008086
2019-02-18 18:00:00,0.06711006835772365
2019-02-18 22:00:00,0.06604393221391602
2019-02-19 02:00:00,0.06724856148640633
2019-02-19 06:00:00,0.07715650288800935
2019-02-19 10:00:00,0.08925082399896174
2019-02-19 14:00:00,0.12519998306834024
2019-02-19 18:00:00,0.15501332636047085
2019-02-19 22:00:00,0.18851350944681947
2019-02-20 02:00:00,0.20527025045868708
2019-02-20 06:00:00,0.2072504993328368
2019-02-20 10:00:00,0.2046366626579164
2019-02-20 14:00:00,0.2097403939087542
2019-02-20 18:00:00,0.20503730114147328
2019-02-20 22:00:00,0.18723012229099145
2019-02-21 02:00:00,0.17016161984818706
2019-02-21 06:00:00,0.16362667786184282
2019-02-21 10:00:00,0.15922937416337174
2019-02-21 14:00:00,0.14335359833189615
2019-02-21 18:00:00,0.12329178173574595
2019-02-21 22:00:00,0.1062151026711814
2019-02-22 02:00:00,0.09123479102121418
2019-02-22 06:00:00,0.075466878880879
2019-02-22 10:00:00,0.04873297636567153
2019-02-22 14:00:00,0.044347933283307
2019-02-22 18:00:00,0.0360161274712717
2019-02-24 22:00:00,0.034864382518839665
2019-02-25 02:00:00,0.031634468124227884
2019-02-25 06:00:00,0.03292188798360235
2019-02-25 10:00:00,0.032190244958039904
2019-02-25 14:00:00,0.048648079466348686
2019-02-25 18:00:00,0.05843930535444325
2019-02-25 22:00:00,0.06931763549829922
2019-02-26 02:00:00,0.07112387600365737
2019-02-26 06:00:00,0.0880261742364159
2019-02-26 10:00:00,0.09282639764992268
2019-02-26 14:00:00,0.11634986827091875
2019-02-26 18:00:00,0.12651932970713298
2019-02-26 22:00:00,0.1313087298677449
2019-02-27 02:00:00,0.12987628645460936
2019-02-27 06:00:00,0.1305739075326513
2019-02-27 10:00:00,0.14718660899045732
2019-02-27 14:00:00,0.16149258462147753
2019-02-27 18:00:00,0.17201549963064303
2019-02-27 22:00:00,0.17349832717191693
2019-02-28 02:00:00,0.16533369410919418
2019-02-28 06:00:00,0.1527569761049814
2019-02-28 10:00:00,0.1451324051730396
2019-02-28 14:00:00,0.13750105332095774
2019-02-28 18:00:00,0.12855950711669528
2019-02-28 22:00:00,0.12792973666750618
2019-03-01 02:00:00,0.12327203017430255
2019-03-01 06:00:00,0.11890243504304675
2019-03-01 10:00:00,0.10504213296750042
2019-03-01 14:00:00,0.08787038219528409
2019-03-01 18:00:00,0.0676703375653418
2019-03-03 22:00:00,0.06279762173850267
2019-03-04 02:00:00,0.052506418911793966
2019-03-04 06:00:00,0.04162028831733622
2019-03-04 10:00:00,0.02293623433553971
2019-03-04 14:00:00,-0.009628697909117913
2019-03-04 18:00:00,-0.03755647627847858
2019-03-04 22:00:00,-0.05968788609934372
2019-03-05 02:00:00,-0.07780701307795679
2019-03-05 06:00:00,-0.08282899642178042
2019-03-05 10:00:00,-0.11045680158378546
2019-03-05 14:00:00,-0.12104993393878573
2019-03-05 18:00:00,-0.1227777128942914
2019-03-05 22:00:00,-0.13703884050825454
2019-03-06 02:00:00,-0.1500899062761295
2019-03-06 06:00:00,-0.15419796476478764
2019-03-06 10:00:00,-0.16206874046092445
2019-03-06 14:00:00,-0.16258232345475976
2019-03-06 18:00:00,-0.15804950358478198
2019-03-06 22:00:00,-0.15643727166961607
2019-03-07 02:00:00,-0.14972964600375294
2019-03-07 06:00:00,-0.1486220531311684
2019-03-07 10:00:00,-0.1603545919070587
2019-03-07 14:00:00,-0.16844140765019974
2019-03-07 18:00:00,-0.1904517144049377
2019-03-07 22:00:00,-0.20563786001332165
2019-03-08 02:00:00,-0.2294455776135941
2019-03-08 06:00:00,-0.2449223789119245
2019-03-08 10:00:00,-0.26366439461771674
2019-03-08 14:00:00,-0.29071876157526794
2019-03-08 18:00:00,-0.3025244373663073
2019-03-10 21:00:00,-0.3309656921005497
2019-03-11 01:00:00,-0.3366997521422929
2019-03-11 05:00:00,-0.32635278158142045
2019-03-11 09:00:00,-0.302057761659374
2019-03-11 13:00:00,-0.2496002283434505
2019-03-11 17:00:00,-0.20088211156635052
2019-03-11 21:00:00,-0.1300172751193195
2019-03-12 01:00:00,-0.08083871722990406
2019-03-12 05:00:00,-0.03402588418359688
2019-03-12 09:00:00,-0.044168462424881316
2019-03-12 13:00:00,-0.04955547487369179
2019-03-12 17:00:00,-0.0565590652586585
2019-03-12 21:00:00,-0.060733618709806536
2019-03-13 01:00:00,-0.059456452664685966
2019-03-13 05:00:00,-0.035920523810865065
2019-03-13 09:00:00,-0.009841020387722095
2019-03-13 13:00:00,0.01898694025749109
2019-03-13 17:00:00,0.07386340386739765
2019-03-13 21:00:00,0.10247542591912688
2019-03-14 01:00:00,0.12383838078615912
2019-03-14 05:00:00,0.1615955547844027
2019-03-14 09:00:00,0.17750334615423752
2019-03-14 13:00:00,0.1879015507277164
2019-03-14 17:00:00,0.1821776794934042
2019-03-14 21:00:00,0.18142238685932333
2019-03-15 01:00:00,0.17256525580786114
2019-03-15 05:00:00,0.1620204787444501
2019-03-15 09:00:00,0.14705843609781288
2019-03-15 13:00:00,0.14485284286216188
2019-03-15 17:00:00,0.13846311858537286
2019-03-17 21:00:00,0.1331019409455484
2019-03-18 01:00:00,0.12489875748929635
2019-03-18 05:00:00,0.10786563033605516
2019-03-18 09:00:00,0.08610852036517674
2019-03-18 13:00:00,0.05754025274201791
2019-03-18 17:00:00,0.04317873161207847
2019-03-18 21:00:00,0.028805413691081805
2019-03-19 01:00:00,0.01919189870222121
2019-03-19 05:00:00,0.006818545269411114
2019-03-19 09:00:00,0.004435583123920783
2019-03-19 13:00:00,0.0008336650768013265
2019-03-19 17:00:00,-0.005118428004043829
2019-03-19 21:00:00,-0.005192028663654036
2019-03-20 01:00:00,-0.00659862396621802
2019-03-20 05:00:00,-0.01851529927998491
2019-03-20 09:00:00,-0.05438963309170869
2019-03-20 13:00:00,-0.07080917078669219
2019-03-20 17:00:00,-0.10980676761530922
2019-03-20 21:00:00,-0.13180849701343372
2019-03-21 01:00:00,-0.15466617374679306
2019-03-21 05:00:00,-0.1880238690494013
2019-03-21 09:00:00,-0.21807744718883645
2019-03-21 13:00:00,-0.2541531657757222
2019-03-21 17:00:00,-0.26248639655130995
2019-03-21 21:00:00,-0.2597985851524261
2019-03-22 01:00:00,-0.2492104398214259
2019-03-22 05:00:00,-0.25457689127311633
2019-03-22 09:00:00,-0.2492316663829189
2019-03-22 13:00:00,-0.2424438412815455
2019-03-22 17:00:00,-0.2283091297705901
2019-03-24 21:00:00,-0.2237755905010552
2019-03-25 01:00:00,-0.20869366069491455
2019-03-25 05:00:00,-0.1825880999890184
2019-03-25 09:00:00,-0.15569713685614164
2019-03-25 13:00:00,-0.1471432967918071
2019-03-25 17:00:00,-0.13518619158671366
2019-03-25 21:00:00,-0.11402035527422982
2019-03-26 01:00:00,-0.10451932194211727
2019-03-26 05:00:00,-0.09022652404592274
2019-03-26 09:00:00,-0.04875704999114233
2019-03-26 13:00:00,-0.02056239302739821
2019-03-26 17:00:00,0.001397242726522696
2019-03-26 21:00:00,0.017619586044109403
2019-03-27 01:00:00,0.025600812887818902
2019-03-27 05:00:00,0.033487220868480216
2019-03-27 09:00:00,0.05011988805525525
2019-03-27 13:00:00,0.05745142640881262
2019-03-27 17:00:00,0.054959913323552816
2019-03-27 21:00:00,0.04310317446318451
2019-03-28 01:00:00,0.03289340913828448
2019-03-28 05:00:00,0.016374962776112334
2019-03-28 09:00:00,0.002743272566477828
2019-03-28 13:00:00,-0.0224751075384394
2019-03-28 17:00:00,-0.046531583395097775
2019-03-28 21:00:00,-0.04946949453116317
2019-03-29 01:00:00,-0.05001954680956355
2019-03-29 05:00:00,-0.06308827888706148
2019-03-29 09:00:00,-0.048834981579111765
2019-03-29 13:00:00,-0.062028220758617976
2019-03-29 17:00:00,-0.0628175709301001
2019-03-31 21:00:00,-0.056431462590923964
2019-04-01 01:00:00,-0.04458451269035768
2019-04-01 05:00:00,-0.020201621105590317
2019-04-01 09:00:00,0.005029722849095253
2019-04-01 13:00:00,0.04363785483844912
2019-04-01 17:00:00,0.06557812973259658
2019-04-01 21:00:00,0.07468710047757343
2019-04-02 01:00:00,0.07845097430231557
2019-04-02 05:00:00,0.07521600410945911
2019-04-02 09:00:00,0.06846749560036802
2019-04-02 13:00:00,0.0753695989239373
2019-04-02 17:00:00,0.09592692077661874
2019-04-02 21:00:00,0.11586846851497325
2019-04-03 01:00:00,0.12942145950091638
2019-04-03 05:00:00,0.15274488472027442
2019-04-03 09:00:00,0.16590315140369113
2019-04-03 13:00:00,0.17452562960868725
2019-04-03 17:00:00,0.17525849963840764
2019-04-03 21:00:00,0.17948238803316888
2019-04-04 01:00:00,0.17505416513603006
2019-04-04 05:00:00,0.1673560841326548
2019-04-04 09:00:00,0.15058123485776034
2019-04-04 13:00:00,0.12381047863092952
2019-04-04 17:00:00,0.10108914800118422
2019-04-04 21:00:00,0.08709427104414119
2019-04-05 01:00:00,0.07871733324364424
2019-04-05 05:00:00,0.06625751585248077
2019-04-05 09:00:00,0.04355199750229377
2019-04-05 13:00:00,0.01841202866325227
2019-04-05 17:00:00,0.002147257134020045
2019-04-07 21:00:00,-0.012431970088363407
2019-04-08 01:00:00,-0.022079691913854917
2019-04-08 05:00:00,-0.030360401457274613
2019-04-08 09:00:00,-0.03862644199076967
2019-04-08 13:00:00,-0.04115877753356855
2019-04-08 17:00:00,-0.042269540659079424
2019-04-08 21:00:00,-0.04367842011290733
2019-04-09 01:00:00,-0.04216832536922106
2019-04-09 05:00:00,-0.030769002758787006
2019-04-09 09:00:00,-0.0460755282483622
2019-04-09 13:00:00,-0.062232140709542236
2019-04-09 17:00:00,-0.06886046385897672
2019-04-09 21:00:00,-0.07207371318961478
2019-04-10 01:00:00,-0.07212542901832562
2019-04-10 05:00:00,-0.06807257521191698
2019-04-10 09:00:00,-0.05944002849617722
2019-04-10 13:00:00,-0.051375979042655895
2019-04-10 17:00:00,-0.04730297222869603
2019-04-10 21:00:00,-0.037662946939276604
2019-04-11 01:00:00,-0.02703665351292514
2019-04-11 05:00:00,-0.02430528535254667
2019-04-11 09:00:00,-0.014585614605266762
2019-04-11 13:00:00,-0.0010532103074602226
2019-04-11 17:00:00,0.006750029582218237
2019-04-11 21:00:00,0.020748776843633368
2019-04-12 01:00:00,0.03472376584286013
2019-04-12 05:00:00,0.051068141843339576
2019-04-12 09:00:00,0.07876856831889359
2019-04-12 13:00:00,0.09183329548231042
2019-04-12 17:00:00,0.09266898780487703
2019-04-14 21:00:00,0.09844399124732106
2019-04-15 01:00:00,0.1015663273787634
2019-04-15 05:00:00,0.10470864020971167
2019-04-15 09:00:00,0.11205581070289687
2019-04-15 13:00:00,0.11217129883224444
2019-04-15 17:00:00,0.1083631834929696
2019-04-15 21:00:00,0.10321051329559673
2019-04-16 01:00:00,0.0936509132648572
2019-04-16 05:00:00,0.08352495075130774
2019-04-16 09:00:00,0.0679782206664696
2019-04-16 13:00:00,0.05169769737114571
2019-04-16 17:00:00,0.03593121184750106
2019-04-16 21:00:00,0.0252445559951556
2019-04-17 01:00:00,0.015526172121724024
2019-04-17 05:00:00,0.0036796627275499367
2019-04-17 09:00:00,-0.007274637200315127
2019-04-17 13:00:00,-0.016274279208988496
2019-04-17 17:00:00,-0.0210070640295133
2019-04-17 21:00:00,-0.02586174592269133
2019-04-18 01:00:00,-0.031671068625501134
2019-04-18 05:00:00,-0.04309698592983551
2019-04-18 09:00:00,-0.05386688253748155
2019-04-18 13:00:00,-0.06804893429192409
2019-04-18 17:00:00,-0.07845691857972
2019-04-18 21:00:00,-0.08287041112061662
2019-04-19 01:00:00,-0.08404520579664132
2019-04-19 05:00:00,-0.08349623921718102
2019-04-19 09:00:00,-0.08291496708227347
2019-04-19 13:00:00,-0.08047581647195931
2019-04-19 17:00:00,-0.08207282612655269
2019-04-21 21:00:00,-0.07830495331317848
2019-04-22 01:00:00,-0.07392369719906046
2019-04-22 05:00:00,-0.07046450845560075
2019-04-22 09:00:00,-0.07048625790976942
2019-04-22 13:00:00,-0.06671725888491202
2019-04-22 17:00:00,-0.06396713390222962
2019-04-22 21:00:00,-0.06841779719334498
2019-04-23 01:00:00,-0.06304474856804754
2019-04-23 05:00:00,-0.05663175845863589
2019-04-23 09:00:00,-0.056829941012270624
2019-04-23 13:00:00,-0.06565697797504667
2019-04-23 17:00:00,-0.07146446209482399
2019-04-23 21:00:00,-0.07191288678139686
2019-04-24 01:00:00,-0.07471799591857822
2019-04-24 05:00:00,-0.07646692478181978
2019-04-24 09:00:00,-0.06960023794261018
2019-04-24 13:00:00,-0.06990706959884488
2019-04-24 17:00:00,-0.0655237150331236
2019-04-24 21:00:00,-0.05995551529798832
2019-04-25 01:00:00,-0.05954497389300861
2019-04-25 05:00:00,-0.06653532615011998
2019-04-25 09:00:00,-0.07310055170136329
2019-04-25 13:00:00,-0.07988103374880717
2019-04-25 17:00:00,-0.08371429909472286
2019-04-25 21:00:00,-0.08546602831938704
2019-04-26 01:00:00,-0.08099659295485362
2019-04-26 05:00:00,-0.07341883357817303
2019-04-26 09:00:00,-0.0629560370155543
2019-04-26 13:00:00,-0.051888749512142014
2019-04-26 17:00:00,-0.04841586359727757
2019-04-28 21:00:00,-0.040160846669091636
2019-04-29 01:00:00,-0.027960162955181108
2019-04-29 05:00:00,-0.010257661496983095
2019-04-29 09:00:00,-0.0003660136415302162
2019-04-29 13:00:00,0.011637676927651441
2019-04-29 17:00:00,0.015799996961626706
2019-04-29 21:00:00,0.021217265727803192
2019-04-30 01:00:00,0.02188449654770175
2019-04-30 05:00:00,0.027425042695582658
2019-04-30 09:00:00,0.04661073020876322
2019-04-30 13:00:00,0.06575337777330548
2019-04-30 17:00:00,0.0811206382184872
2019-04-30 21:00:00,0.09441716386361187
2019-05-01 01:00:00,0.10650814327118883
2019-05-01 05:00:00,0.11780994928106599
2019-05-01 09:00:00,0.12632703421428246
2019-05-01 13:00:00,0.12727698560327486
2019-05-01 17:00:00,0.124321890131451
2019-05-01 21:00:00,0.1275145490095899
2019-05-02 01:00:00,0.12799591598245794
2019-05-02 05:00:00,0.12629285995651918
2019-05-02 09:00:00,0.1186821846661966
2019-05-02 13:00:00,0.10505049099720078
2019-05-02 17:00:00,0.09534472819437782
2019-05-02 21:00:00,0.08531928958901938
2019-05-03 01:00:00,0.07734305472702903
2019-05-03 05:00:00,0.06561957246278385
2019-05-03 09:00:00,0.056999135224561986
2019-05-03 13:00:00,0.07732350035377318
2019-05-03 17:00:00,0.09521861609450022
2019-05-05 21:00:00,0.07114623128060213
2019-05-06 01:00:00,0.062379399703368574
2019-05-06 05:00:00,0.04626435449088122
2019-05-06 09:00:00,0.03380891932820357
2019-05-06 13:00:00,0.023058000757478943
2019-05-06 17:00:00,0.011305973065758168
2019-05-06 21:00:00,0.0035635073840586955
2019-05-07 01:00:00,0.0007901529023594464
2019-05-07 05:00:00,-0.0132102054294726
2019-05-07 09:00:00,-0.03372146295793479
2019-05-07 13:00:00,-0.05870184419121199
2019-05-07 17:00:00,-0.07555069069743879
2019-05-07 21:00:00,-0.09155274563673152
2019-05-08 01:00:00,-0.10861020711511056
2019-05-08 05:00:00,-0.12287220449151745
2019-05-08 09:00:00,-0.14308128304121862
2019-05-08 13:00:00,-0.15640822203762242
2019-05-08 17:00:00,-0.16563791240133635
2019-05-08 21:00:00,-0.17321210955803154
2019-05-09 01:00:00,-0.176314292743005
2019-05-09 05:00:00,-0.1898529951822029
2019-05-09 09:00:00,-0.19516081104148594
2019-05-09 13:00:00,-0.18558817169995026
2019-05-09 17:00:00,-0.1808181906933521
2019-05-09 21:00:00,-0.16790959655566484
2019-05-10 01:00:00,-0.1613091094050338
2019-05-10 05:00:00,-0.1481812022379257
2019-05-10 09:00:00,-0.13477373688967942
2019-05-10 13:00:00,-0.12099398857519594
2019-05-10 17:00:00,-0.10602290983719737
2019-05-12 21:00:00,-0.09742281579233786
2019-05-13 01:00:00,-0.08613362391407048
2019-05-13 05:00:00,-0.07907973761252696
2019-05-13 09:00:00,-0.08276259444401446
2019-05-13 13:00:00,-0.10803722379024704
2019-05-13 17:00:00,-0.11625940724099272
2019-05-13 21:00:00,-0.11298991593672705
2019-05-14 01:00:00,-0.10135260253956346
2019-05-14 05:00:00,-0.09216707298445026
2019-05-14 09:00:00,-0.09230919742920808
2019-05-14 13:00:00,-0.08975338174727998
2019-05-14 17:00:00,-0.09085078272861558
2019-05-14 21:00:00,-0.08696762383408474
2019-05-15 01:00:00,-0.07881674825252416
2019-05-15 05:00:00,-0.07790374711538361
2019-05-15 09:00:00,-0.0956439490524078
2019-05-15 13:00:00,-0.09923721893644732
2019-05-15 17:00:00,-0.09998170006189756
2019-05-15 21:00:00,-0.100686928611057
2019-05-16 01:00:00,-0.0967683228155034
2019-05-16 05:00:00,-0.09169804997020957
2019-05-16 09:00:00,-0.09000581075067683
2019-05-16 13:00:00,-0.08213615433044298
2019-05-16 17:00:00,-0.07373665525761243
2019-05-16 21:00:00,-0.06305990643801529
2019-05-17 01:00:00,-0.05853324322210141
2019-05-17 05:00:00,-0.0585638706226248
2019-05-17 09:00:00,-0.06495407967431187
2019-05-17 13:00:00,-0.062001156248523974
2019-05-17 17:00:00,-0.05777436874925645
2019-05-19 21:00:00,-0.03910085512637418
2019-05-20 01:00:00,-0.023788646898767696
2019-05-20 05:00:00,-0.01332799192058298
2019-05-20 09:00:00,-0.009234389401108656
2019-05-20 13:00:00,-0.006222788663660661
2019-05-20 17:00:00,0.0008011544262042093
2019-05-20 21:00:00,0.01274852516235192
2019-05-21 01:00:00,0.023476718634631518
2019-05-21 05:00:00,0.022602604845072486
2019-05-21 09:00:00,0.05078055989947694
2019-05-21 13:00:00,0.07527708535575063
2019-05-21 17:00:00,0.08187830847467026
2019-05-21 21:00:00,0.09055394110957228
2019-05-22 01:00:00,0.0954180898093736
2019-05-22 05:00:00,0.08313705603433286
2019-05-22 09:00:00,0.0699737640347935
2019-05-22 13:00:00,0.06194322632000149
2019-05-22 17:00:00,0.05427101645905852
2019-05-22 21:00:00,0.04365290856511084
2019-05-23 01:00:00,0.0376430067947241
2019-05-23 05:00:00,0.021410335005758063
2019-05-23 09:00:00,0.01002613275155262
2019-05-23 13:00:00,-0.003367734767576347
2019-05-23 17:00:00,-0.015208687834798671
2019-05-23 21:00:00,-0.01855633248099076
2019-05-24 01:00:00,-0.02350395593813981
2019-05-24 05:00:00,-0.01848188401997064
2019-05-24 09:00:00,-0.018866224540199927
2019-05-24 13:00:00,-0.009226114164302636
2019-05-24 17:00:00,-0.003241289698434513
2019-05-26 21:00:00,0.014073584758403146
2019-05-27 01:00:00,0.030130662768129587
2019-05-27 05:00:00,0.03647001826555885
2019-05-27 09:00:00,0.034283025852137834
2019-05-27 13:00:00,0.03567587048142329
2019-05-27 17:00:00,0.036213677927241616
2019-05-27 21:00:00,0.04042392977060838
2019-05-28 01:00:00,0.041395093435109054
2019-05-28 05:00:00,0.03132260708357526
2019-05-28 09:00:00,0.03147523481265346
2019-05-28 13:00:00,0.03489844106107565
2019-05-28 17:00:00,0.028505902604317623
2019-05-28 21:00:00,0.022542526199925028
2019-05-29 01:00:00,0.018245793287703812
2019-05-29 05:00:00,0.011814642828360531
2019-05-29 09:00:00,0.01508523439099829
2019-05-29 13:00:00,0.008698117950999396
2019-05-29 17:00:00,0.014670307146064319
2019-05-29 21:00:00,0.017199985533768336
2019-05-30 01:00:00,0.0292707167860371
2019-05-30 05:00:00,0.038016091697751664
2019-05-30 09:00:00,0.04199527220247712
2019-05-30 13:00:00,0.04433316607070048
2019-05-30 17:00:00,0.042799403728637
2019-05-30 21:00:00,0.031096985847274276
2019-05-31 01:00:00,0.013734165482985559
2019-05-31 05:00:00,-0.004446254924464821
2019-05-31 09:00:00,-0.026268625969177117
2019-05-31 13:00:00,-0.03743068416726203
2019-05-31 17:00:00,-0.05162540376675884
2019-06-02 21:00:00,-0.055234056692006206
2019-06-03 01:00:00,-0.06499888090861805
2019-06-03 05:00:00,-0.06298878066769187
2019-06-03 09:00:00,-0.060020490200347276
2019-06-03 13:00:00,-0.05636234837274112
2019-06-03 17:00:00,-0.04993452104403806
2019-06-03 21:00:00,-0.04690983990677677
2019-06-04 01:00:00,-0.04187768198080344
2019-06-04 05:00:00,-0.03345888771986494
2019-06-04 09:00:00,-0.012980581133288371
2019-06-04 13:00:00,0.006683465845447546
2019-06-04 17:00:00,0.02331161803159021
2019-06-04 21:00:00,0.03928196417828178
2019-06-05 01:00:00,0.05124942112990016
2019-06-05 05:00:00,0.06923563284898082
2019-06-05 09:00:00,0.0791035610404528
2019-06-05 13:00:00,0.0870555017583059
2019-06-05 17:00:00,0.09566184899422993
2019-06-05 21:00:00,0.09870392275868643
2019-06-06 01:00:00,0.09685511201939677
2019-06-06 05:00:00,0.09209817693383393
2019-06-06 09:00:00,0.09728053746804766
2019-06-06 13:00:00,0.10113118030418032
2019-06-06 17:00:00,0.1052580076083084
2019-06-06 21:00:00,0.1097938886683642
2019-06-07 01:00:00,0.11461728967730622
2019-06-07 05:00:00,0.12468882129188084
2019-06-07 09:00:00,0.12171340715236052
2019-06-07 13:00:00,0.12420334850448105
2019-06-07 17:00:00,0.12357290138051552
2019-06-09 21:00:00,0.1268473715850723
2019-06-10 01:00:00,0.13240737825502102
2019-06-10 05:00:00,0.12794100482342208
2019-06-10 09:00:00,0.11393100669784778
2019-06-10 13:00:00,0.10877443930759367
2019-06-10 17:00:00,0.09862864229893348
2019-06-10 21:00:00,0.09237098269860716
2019-06-11 01:00:00,0.08893051803458463
2019-06-11 05:00:00,0.09549703733350406
2019-06-11 09:00:00,0.10230542600752253
2019-06-11 13:00:00,0.10217330458345156
2019-06-11 17:00:00,0.10073290692720588
2019-06-11 21:00:00,0.09940174856137944
2019-06-12 01:00:00,0.0956794155896986
2019-06-12 05:00:00,0.08953187576139943
2019-06-12 09:00:00,0.0878757261681832
2019-06-12 13:00:00,0.07424861402614566
2019-06-12 17:00:00,0.06288838959693091
2019-06-12 21:00:00,0.05418053789891253
2019-06-13 01:00:00,0.042294807250100035
2019-06-13 05:00:00,0.027090226991474408
2019-06-13 09:00:00,0.024268412084174282
2019-06-13 13:00:00,0.01721356531405914
2019-06-13 17:00:00,0.006709193109102785
2019-06-13 21:00:00,-0.0008932490109970076
2019-06-14 01:00:00,-0.006742027938334061
2019-06-14 05:00:00,-0.018331947321146732
2019-06-14 09:00:00,-0.031208964934497808
2019-06-14 13:00:00,-0.04486674260653152
2019-06-14 17:00:00,-0.05583637274336248
2019-06-16 21:00:00,-0.05951526670925655
2019-06-17 01:00:00,-0.06191911669837255
2019-06-17 05:00:00,-0.06519435478733263
2019-06-17 09:00:00,-0.06325158268191043
2019-06-17 13:00:00,-0.07250469424907571
2019-06-17 17:00:00,-0.0864600967971838
2019-06-17 21:00:00,-0.09385122349747446
2019-06-18 01:00:00,-0.10568323456677636
2019-06-18 05:00:00,-0.11475425223314162
2019-06-18 09:00:00,-0.12395829980642542
2019-06-18 13:00:00,-0.11272069898534942
2019-06-18 17:00:00,-0.1007207764989458
2019-06-18 21:00:00,-0.08357819015752532
2019-06-19 01:00:00,-0.07641251081801642
2019-06-19 05:00:00,-0.0629271153591463
2019-06-19 09:00:00,-0.04240289586800594
2019-06-19 13:00:00,-0.017108769522900358
2019-06-19 17:00:00,-0.0029392774112245172
2019-06-19 21:00:00,0.0030144864741095123
2019-06-20 01:00:00,0.009718600954252863
2019-06-20 05:00:00,0.02977705707840345
2019-06-20 09:00:00,0.033670868120572406
2019-06-20 13:00:00,0.031543201120469155
2019-06-20 17:00:00,0.027632522542821114
2019-06-20 21:00:00,0.028859645830316638
2019-06-21 01:00:00,0.01897058712512112
2019-06-21 05:00:00,0.015597780481983181
2019-06-21 09:00:00,0.011379054515044118
2019-06-21 13:00:00,0.021670306071747136
2019-06-21 17:00:00,0.03401427502702353
2019-06-23 21:00:00,0.04682086048629913
2019-06-24 01:00:00,0.06027800683750895
2019-06-24 05:00:00,0.0620662487440824
2019-06-24 09:00:00,0.06405441195007666
2019-06-24 13:00:00,0.06533152589004906
2019-06-24 17:00:00,0.06495770807969434
2019-06-24 21:00:00,0.06566730251390715
2019-06-25 01:00:00,0.05105270935498088
2019-06-25 05:00:00,0.05152577288117818
2019-06-25 09:00:00,0.040925835171457065
2019-06-25 13:00:00,0.028705683843072982
2019-06-25 17:00:00,0.014602765515621147
2019-06-25 21:00:00,0.010167947445951177
2019-06-26 01:00:00,0.008381972206754462
2019-06-26 05:00:00,0.0054577736979980465
2019-06-26 09:00:00,0.009760675814133507
2019-06-26 13:00:00,0.022092272933192547
2019-06-26 17:00:00,0.03268323144613272
2019-06-26 21:00:00,0.039899977245696855
2019-06-27 01:00:00,0.05478683317159394
2019-06-27 05:00:00,0.06546386200147862
2019-06-27 09:00:00,0.07481537877471409
2019-06-27 13:00:00,0.06718154405819854
2019-06-27 17:00:00,0.05899076105041168
2019-06-27 21:00:00,0.050587491112561736
2019-06-28 01:00:00,0.0407569207172611
2019-06-28 05:00:00,0.03505095718953692
2019-06-28 09:00:00,0.04207337354954281
2019-06-28 13:00:00,0.048213976962083835
2019-06-28 17:00:00,0.05377061377917264
2019-06-30 21:00:00,0.06647924279618324
2019-07-01 01:00:00,0.07896442216815615
2019-07-01 05:00:00,0.0711268874130615
2019-07-01 09:00:00,0.07080692551598612
2019-07-01 13:00:00,0.06823897585713645
2019-07-01 17:00:00,0.06478237456273456
2019-07-01 21:00:00,0.06229301871433183
2019-07-02 01:00:00,0.05635097828363226
2019-07-02 05:00:00,0.03889981291281424
2019-07-02 09:00:00,0.026773470333660617
2019-07-02 13:00:00,0.002511992836735361
2019-07-02 17:00:00,-0.022444946663125038
2019-07-02 21:00:00,-0.04847869918606673
2019-07-03 01:00:00,-0.07096006152871663
2019-07-03 05:00:00,-0.08807642348532096
2019-07-03 09:00:00,-0.10044974619028146
2019-07-03 13:00:00,-0.1041422786259162
2019-07-03 17:00:00,-0.10814426294156508
2019-07-03 21:00:00,-0.10716900179351048
2019-07-04 01:00:00,-0.10171227346212484
2019-07-04 05:00:00,-0.09653667550166767
2019-07-04 09:00:00,-0.0919541612023799
2019-07-04 13:00:00,-0.08524880381687705
2019-07-04 17:00:00,-0.07927436763854033
2019-07-04 21:00:00,-0.07174402236659498
2019-07-05 01:00:00,-0.0621549049227495
2019-07-05 05:00:00,-0.05599930870209452
2019-07-05 09:00:00,-0.045471270527052236
2019-07-05 13:00:00,-0.035762212035834684
2019-07-05 17:00:00,-0.025425880822105142
2019-07-07 21:00:00,-0.014516871194149766
2019-07-08 01:00:00,-0.010723129417777866
2019-07-08 05:00:00,-0.004445930548231752
2019-07-08 09:00:00,0.0044717721117778775
2019-07-08 13:00:00,0.01356204032317751
2019-07-08 17:00:00,0.02149815628292889
2019-07-08 21:00:00,0.03238128157496403
2019-07-09 01:00:00,0.035757438365448146
2019-07-09 05:00:00,0.032128249982208014
2019-07-09 09:00:00,0.019805170821439733
2019-07-09 13:00:00,0.015241467296007503
2019-07-09 17:00:00,0.011303586768660806
2019-07-09 21:00:00,0.011646310030165308
2019-07-10 01:00:00,0.007778858704366148
2019-07-10 05:00:00,0.015263483966563325
2019-07-10 09:00:00,0.018444796911818277
2019-07-10 13:00:00,0.015493444466626429
2019-07-10 17:00:00,0.011665974580489014
2019-07-10 21:00:00,0.0003412638655299061
2019-07-11 01:00:00,-0.0066889357152649384
2019-07-11 05:00:00,-0.00832018541352883
2019-07-11 09:00:00,0.0058809651579495035
2019-07-11 13:00:00,0.011844680097021444
2019-07-11 17:00:00,0.01807854924757485
2019-07-11 21:00:00,0.026499380134057667
2019-07-12 01:00:00,0.029733841812306868
2019-07-12 05:00:00,0.03223500114074376
2019-07-12 09:00:00,0.03100269021787025
2019-07-12 13:00:00,0.0265558725577561
2019-07-12 17:00:00,0.024060340262447744
2019-07-14 21:00:00,0.017806916603344825
2019-07-15 01:00:00,0.01958375991300632
2019-07-15 05:00:00,0.012051566276961244
2019-07-15 09:00:00,0.0012791424582354882
2019-07-15 13:00:00,-0.01465061174350174
2019-07-15 17:00:00,-0.023631690938878847
2019-07-15 21:00:00,-0.028877777886311268
2019-07-16 01:00:00,-0.03104797401618775
2019-07-16 05:00:00,-0.04418163931645189
2019-07-16 09:00:00,-0.05972735775104252
2019-07-16 13:00:00,-0.07075749765771402
2019-07-16 17:00:00,-0.08154341100809517
2019-07-16 21:00:00,-0.08785044313365413
2019-07-17 01:00:00,-0.08900486314465261
2019-07-17 05:00:00,-0.0911973923461732
2019-07-17 09:00:00,-0.08833687416615219
2019-07-17 13:00:00,-0.07864533523537788
2019-07-17 17:00:00,-0.07866509482302614
2019-07-17 21:00:00,-0.08395109962658742
2019-07-18 01:00:00,-0.08563324639613168
2019-07-18 05:00:00,-0.07173944490126527
2019-07-18 09:00:00,-0.05431432823463811
2019-07-18 13:00:00,-0.04109487436936093
2019-07-18 17:00:00,-0.028200315218881555
2019-07-18 21:00:00,-0.008881601384921112
2019-07-19 01:00:00,0.007050917881910813
2019-07-19 05:00:00,0.01516875168109161
2019-07-19 09:00:00,0.024525715007752247
2019-07-19 13:00:00,0.02867672134434973
2019-07-19 17:00:00,0.03171294025061033
2019-07-21 21:00:00,0.04156438419498504
2019-07-22 01:00:00,0.050200737754906855
2019-07-22 05:00:00,0.042525937014334665
2019-07-22 09:00:00,0.0402400256793472
2019-07-22 13:00:00,0.03991477138451383
2019-07-22 17:00:00,0.037286996946638666
2019-07-22 21:00:00,0.03918014304813144
2019-07-23 01:00:00,0.041210322638285064
2019-07-23 05:00:00,0.03512599895763835
2019-07-23 09:00:00,0.0348714144818002
2019-07-23 13:00:00,0.03304553942320099
2019-07-23 17:00:00,0.03253474519236177
2019-07-23 21:00:00,0.0311744605859495
2019-07-24 01:00:00,0.028867999574191144
2019-07-24 05:00:00,0.0323498515387155
2019-07-24 09:00:00,0.03998796213890865
2019-07-24 13:00:00,0.05317905061793027
2019-07-24 17:00:00,0.060111337955760624
2019-07-24 21:00:00,0.06519090350563518
2019-07-25 01:00:00,0.06388258363632593
2019-07-25 05:00:00,0.059670342597349664
2019-07-25 09:00:00,0.0687051411622861
2019-07-25 13:00:00,0.07516213316698064
2019-07-25 17:00:00,0.07883774962076026
2019-07-25 21:00:00,0.0837315211361841
2019-07-26 01:00:00,0.08226362961041453
2019-07-26 05:00:00,0.07936992227507529
2019-07-26 09:00:00,0.0705164652517662
2019-07-26 13:00:00,0.05266105095781265
2019-07-26 17:00:00,0.03688227464298298
2019-07-28 21:00:00,0.016272465712921166
2019-07-29 01:00:00,0.00022289770026745484
2019-07-29 05:00:00,-0.021824782271531427
2019-07-29 09:00:00,-0.06178041570126419
2019-07-29 13:00:00,-0.09315953800062662
2019-07-29 17:00:00,-0.11807158437094264
2019-07-29 21:00:00,-0.13581421065318328
2019-07-30 01:00:00,-0.1795401568374434
2019-07-30 05:00:00,-0.19790626942078726
2019-07-30 09:00:00,-0.20956017964775053
2019-07-30 13:00:00,-0.21354933730810727
2019-07-30 17:00:00,-0.2185940969184557
2019-07-30 21:00:00,-0.21569432940479286
2019-07-31 01:00:00,-0.2109014445124032
2019-07-31 05:00:00,-0.20185503749585632
2019-07-31 09:00:00,-0.18259896331664527
2019-07-31 13:00:00,-0.1549592507080259
2019-07-31 17:00:00,-0.14120384898899985
2019-07-31 21:00:00,-0.12503137626075955
2019-08-01 01:00:00,-0.1056028601887138
2019-08-01 05:00:00,-0.09604847784903336
2019-08-01 09:00:00,-0.10559514562213744
2019-08-01 13:00:00,-0.1120269912956452
2019-08-01 17:00:00,-0.14447908017336553
2019-08-01 21:00:00,-0.17011756522955554
2019-08-02 01:00:00,-0.19705707917442092
2019-08-02 05:00:00,-0.21511191570941213
2019-08-02 09:00:00,-0.2183239023276191
2019-08-02 13:00:00,-0.22395777978946385
2019-08-02 17:00:00,-0.22074788381117694
2019-08-04 21:00:00,-0.21530175750891112
2019-08-05 01:00:00,-0.2222607834901076
2019-08-05 05:00:00,-0.23038024265689605
2019-08-05 09:00:00,-0.2169417505638085
2019-08-05 13:00:00,-0.2110217446798364
2019-08-05 17:00:00,-0.20357280753846166
2019-08-05 21:00:00,-0.19100762766090884
2019-08-06 01:00:00,-0.14740537663493836
2019-08-06 05:00:00,-0.11115763368707544
2019-08-06 09:00:00,-0.08233040465868258
2019-08-06 13:00:00,-0.06227262718670756
2019-08-06 17:00:00,-0.037768840801877916
2019-08-06 21:00:00,-0.0175571061307489
2019-08-07 01:00:00,-0.007872646505198144
2019-08-07 05:00:00,-0.0006964665759985332
2019-08-07 09:00:00,-0.008899713324105106
2019-08-07 13:00:00,-0.007039733503298784
2019-08-07 17:00:00,0.008181782825210648
2019-08-07 21:00:00,0.017046370361124996
2019-08-08 01:00:00,0.03246444391560921
2019-08-08 05:00:00,0.04510545020941192
2019-08-08 09:00:00,0.04405712321427791
2019-08-08 13:00:00,0.05462938895177705
2019-08-08 17:00:00,0.057633071411930865
2019-08-08 21:00:00,0.06002362684133832
2019-08-09 01:00:00,0.06269069224203849
2019-08-09 05:00:00,0.05803752910788064
2019-08-09 09:00:00,0.03755175983408243
2019-08-09 13:00:00,0.016620308911436288
2019-08-09 17:00:00,-0.008709867230231816
2019-08-11 21:00:00,-0.03087270768258732
2019-08-12 01:00:00,-0.043360335188336485
2019-08-12 05:00:00,-0.04663051454527123
2019-08-12 09:00:00,-0.039183405238175206
2019-08-12 13:00:00,-0.03212834420892019
2019-08-12 17:00:00,-0.025507441157167188
2019-08-12 21:00:00,-0.015342958767365468
2019-08-13 01:00:00,-0.005671247145190739
2019-08-13 05:00:00,0.00010761710080853248
2019-08-13 09:00:00,0.009888890398322971
2019-08-13 13:00:00,0.05669230117755264
2019-08-13 17:00:00,0.0993937330299215
2019-08-13 21:00:00,0.1184287321222186
2019-08-14 01:00:00,0.141474953840537
2019-08-14 05:00:00,0.1584454393679403
2019-08-14 09:00:00,0.15772994191184475
2019-08-14 13:00:00,0.14618918070084352
2019-08-14 17:00:00,0.1403445636341979
2019-08-14 21:00:00,0.13815633855922238
2019-08-15 01:00:00,0.133651992992462
2019-08-15 05:00:00,0.14274892817540066
2019-08-15 09:00:00,0.1656746412974679
2019-08-15 13:00:00,0.1759856153814221
2019-08-15 17:00:00,0.174461065249224
2019-08-15 21:00:00,0.17361696296493967
2019-08-16 01:00:00,0.17344402820492488
2019-08-16 05:00:00,0.1933574673055154
2019-08-16 09:00:00,0.21621775174964356
2019-08-16 13:00:00,0.22470986055586215
2019-08-16 17:00:00,0.22748757094718164
2019-08-18 21:00:00,0.22749093066152515
2019-08-19 01:00:00,0.22845491372318286
2019-08-19 05:00:00,0.22544170648042194
2019-08-19 09:00:00,0.2178763281599144
2019-08-19 13:00:00,0.21391411165453103
2019-08-19 17:00:00,0.20805689759110285
2019-08-19 21:00:00,0.20167086449337507
2019-08-20 01:00:00,0.1923089844150908
2019-08-20 05:00:00,0.16718798530470613
2019-08-20 09:00:00,0.14192469679911035
2019-08-20 13:00:00,0.14300065892398628
2019-08-20 17:00:00,0.1384234725931794
2019-08-20 21:00:00,0.13489587702485173
2019-08-21 01:00:00,0.13205801569096742
2019-08-21 05:00:00,0.1282670488624197
2019-08-21 09:00:00,0.11855608905231448
2019-08-21 13:00:00,0.11099521529613857
2019-08-21 17:00:00,0.10188523608635787
2019-08-21 21:00:00,0.09490491611109976
2019-08-22 01:00:00,0.08056378371593795
2019-08-22 05:00:00,0.07500150570605738
2019-08-22 09:00:00,0.09761998795314927
2019-08-22 13:00:00,0.11746964582640605
2019-08-22 17:00:00,0.13034257175379965
2019-08-22 21:00:00,0.14084751036468146
2019-08-23 01:00:00,0.14274555423695284
2019-08-23 05:00:00,0.13604016894111906
2019-08-23 09:00:00,0.13091657052191802
2019-08-23 13:00:00,0.09961375774255757
2019-08-23 17:00:00,0.07703606402763491
2019-08-25 21:00:00,0.04497925384868248
2019-08-26 01:00:00,0.02387328450832144
2019-08-26 05:00:00,0.020425759590844056
2019-08-26 09:00:00,0.023348691702499924
2019-08-26 13:00:00,0.02288057766363136
2019-08-26 17:00:00,0.017451456323116787
2019-08-26 21:00:00,0.0027846437998543805
2019-08-27 01:00:00,-0.011348927897313094
2019-08-27 05:00:00,-0.010545782000796672
2019-08-27 09:00:00,-0.001104519529689374
2019-08-27 13:00:00,0.007394631092289411
2019-08-27 17:00:00,0.01128751039389772
2019-08-27 21:00:00,0.011834854493167624
2019-08-28 01:00:00,0.01521183569948209
2019-08-28 05:00:00,-0.01131968874768019
2019-08-28 09:00:00,-0.02653878097187673
2019-08-28 13:00:00,-0.024599874420156376
2019-08-28 17:00:00,-0.025519659612267157
2019-08-28 21:00:00,-0.02833765011938472
2019-08-29 01:00:00,-0.036011540850963995
2019-08-29 05:00:00,-0.03224386533829485
2019-08-29 09:00:00,-0.02694975942138335
2019-08-29 13:00:00,-0.014619139891755034
2019-08-29 17:00:00,-0.011877998009696578
2019-08-29 21:00:00,-0.01148020551674149
2019-08-30 01:00:00,-0.012525416041654249
2019-08-30 05:00:00,-0.017105745863015137
2019-08-30 09:00:00,-0.022131681490682245
2019-08-30 13:00:00,-0.02711710911722745
2019-08-30 17:00:00,-0.035202053131628684
2019-09-01 21:00:00,-0.049908520774755036
2019-09-02 01:00:00,-0.05515681536858283
2019-09-02 05:00:00,-0.07726252154918509
2019-09-02 09:00:00,-0.0937772106810903
2019-09-02 13:00:00,-0.11149795150545387
2019-09-02 17:00:00,-0.12544586353552567
2019-09-02 21:00:00,-0.13305616557080782
2019-09-03 01:00:00,-0.14172059737408635
2019-09-03 05:00:00,-0.16765993889618325
2019-09-03 09:00:00,-0.1703217026398854
2019-09-03 13:00:00,-0.1612221708058516
2019-09-03 17:00:00,-0.15333939439746974
2019-09-03 21:00:00,-0.14182004529528092
2019-09-04 01:00:00,-0.1224983257619977
2019-09-04 05:00:00,-0.08539761945680023
2019-09-04 09:00:00,-0.04504870840578404
2019-09-04 13:00:00,-0.0031108705315151808
2019-09-04 17:00:00,0.045204212640485436
2019-09-04 21:00:00,0.07870256293167735
2019-09-05 01:00:00,0.1095475477008072
2019-09-05 05:00:00,0.1400972121088018
2019-09-05 09:00:00,0.1904730407917201
2019-09-05 13:00:00,0.2250773914477104
2019-09-05 17:00:00,0.2512654044010108
2019-09-05 21:00:00,0.2701923058700385
2019-09-06 01:00:00,0.27926592161046954
2019-09-06 05:00:00,0.2756550359300823
2019-09-06 09:00:00,0.2640525106596969
2019-09-06 13:00:00,0.24555557545714865
2019-09-06 17:00:00,0.22803559029131965
2019-09-08 21:00:00,0.20966431613682265
2019-09-09 01:00:00,0.18904233173599727
2019-09-09 05:00:00,0.18280044169313525
2019-09-09 09:00:00,0.18916864267890865
2019-09-09 13:00:00,0.18759387769610564
2019-09-09 17:00:00,0.1876882529323005
2019-09-09 21:00:00,0.1900675410051602
2019-09-10 01:00:00,0.18588862431537634
2019-09-10 05:00:00,0.17080140246657333
2019-09-10 09:00:00,0.16826922137490108
2019-09-10 13:00:00,0.16052756737881912
2019-09-10 17:00:00,0.15549547314355905
2019-09-10 21:00:00,0.15051038843114672
2019-09-11 01:00:00,0.14959573902010434
2019-09-11 05:00:00,0.1452545160241263
2019-09-11 09:00:00,0.13172247997597786
2019-09-11 13:00:00,0.11217419552720354
2019-09-11 17:00:00,0.0980559568659275
2019-09-11 21:00:00,0.09335479852427264
2019-09-12 01:00:00,0.08688782570925735
2019-09-12 05:00:00,0.0696509880663867
2019-09-12 09:00:00,0.03897392250831544
2019-09-12 13:00:00,0.04091705027480808
2019-09-12 17:00:00,0.03744998072060601
2019-09-12 21:00:00,0.03642915743796493
2019-09-13 01:00:00,0.03544401264193764
2019-09-13 05:00:00,0.05692764261718364
2019-09-13 09:00:00,0.07727547583205308
2019-09-13 13:00:00,0.09349025784020737
2019-09-13 17:00:00,0.10966628163446723
2019-09-15 21:00:00,0.10275088830050473
2019-09-16 01:00:00,0.09303068304727467
2019-09-16 05:00:00,0.06959192358557142
2019-09-16 09:00:00,0.05666900208721015
2019-09-16 13:00:00,0.040624067583510885
2019-09-16 17:00:00,0.030817283948892493
2019-09-16 21:00:00,0.02180645450851615
2019-09-17 01:00:00,0.012712430661125372
2019-09-17 05:00:00,-0.0029078992219663253
2019-09-17 09:00:00,-0.010107382366207895
2019-09-17 13:00:00,0.0018013819092272954
2019-09-17 17:00:00,0.00911020108356875
2019-09-17 21:00:00,0.011968472455001657
2019-09-18 01:00:00,0.01210576005070585
2019-09-18 05:00:00,-0.0002422374386508164
2019-09-18 09:00:00,-0.007875582806628478
2019-09-18 13:00:00,-0.012074202658934441
2019-09-18 17:00:00,-0.010448511009930715
2019-09-18 21:00:00,-0.01728762825359731
2019-09-19 01:00:00,-0.033966090166407836
2019-09-19 05:00:00,-0.03997762483433054
2019-09-19 09:00:00,-0.05058752096373875
2019-09-19 13:00:00,-0.057569036568037364
2019-09-19 17:00:00,-0.05331857143597973
2019-09-19 21:00:00,-0.05097983639701487
2019-09-20 01:00:00,-0.0453278092799575
2019-09-20 05:00:00,-0.04692230960261989
2019-09-20 09:00:00,-0.06335782294207659
2019-09-20 13:00:00,-0.07790255772882547
2019-09-20 17:00:00,-0.10690278205477977
2019-09-22 21:00:00,-0.12034110711964352
2019-09-23 01:00:00,-0.12831253370456064
2019-09-23 05:00:00,-0.16004146102045105
2019-09-23 09:00:00,-0.1823400490578707
2019-09-23 13:00:00,-0.19597317196556607
2019-09-23 17:00:00,-0.20415984948680035
2019-09-23 21:00:00,-0.20304288173815388
2019-09-24 01:00:00,-0.20398735901108
2019-09-24 05:00:00,-0.20154752411369248
2019-09-24 09:00:00,-0.18140084324923567
2019-09-24 13:00:00,-0.1815458608830832
2019-09-24 17:00:00,-0.1800589280233898
2019-09-24 21:00:00,-0.1795128375759497
2019-09-25 01:00:00,-0.17163233216287802
2019-09-25 05:00:00,-0.17406634104419672
2019-09-25 09:00:00,-0.18202757344975395
2019-09-25 13:00:00,-0.18442632610100684
2019-09-25 17:00:00,-0.1878436128370239
2019-09-25 21:00:00,-0.1855980411511013
2019-09-26 01:00:00,-0.17900858482962215
2019-09-26 05:00:00,-0.1869809732364516
2019-09-26 09:00:00,-0.1856588054172529
2019-09-26 13:00:00,-0.17783465212776814
2019-09-26 17:00:00,-0.17412066435135234
2019-09-26 21:00:00,-0.16742652957805698
2019-09-27 01:00:00,-0.1626094364229791
2019-09-27 05:00:00,-0.16097620816361158
2019-09-27 09:00:00,-0.14053899451035592
2019-09-27 13:00:00,-0.13306470382341112
2019-09-27 17:00:00,-0.12966715148061514
2019-09-29 21:00:00,-0.1245459055944665
2019-09-30 01:00:00,-0.11891062362530964
2019-09-30 05:00:00,-0.10155828591903436
2019-09-30 09:00:00,-0.08910239534308326
2019-09-30 13:00:00,-0.07766823854337737
2019-09-30 17:00:00,-0.06975619047276796
2019-09-30 21:00:00,-0.06257120814574738
2019-10-01 01:00:00,-0.05092955471208807
2019-10-01 05:00:00,-0.03591650197934132
2019-10-01 09:00:00,-0.03870653338228447
2019-10-01 13:00:00,-0.03810161640803969
2019-10-01 17:00:00,-0.040486907426944004
2019-10-01 21:00:00,-0.043706919320637416
2019-10-02 01:00:00,-0.04439536923645407
2019-10-02 05:00:00,-0.06582687890985864
2019-10-02 09:00:00,-0.07728321513243258
2019-10-02 13:00:00,-0.08259608561050011
2019-10-02 17:00:00,-0.0865430338680391
2019-10-02 21:00:00,-0.0916904166216288
2019-10-03 01:00:00,-0.08774895219229084
2019-10-03 05:00:00,-0.08127653047508637
2019-10-03 09:00:00,-0.0604378915479184
2019-10-03 13:00:00,-0.04946517395120442
2019-10-03 17:00:00,-0.048992217243253255
2019-10-03 21:00:00,-0.04529480691688959
2019-10-04 01:00:00,-0.043982481559645466
2019-10-04 05:00:00,-0.04460915994179848
2019-10-04 09:00:00,-0.038893791405793736
2019-10-04 13:00:00,-0.035261701329210804
2019-10-04 17:00:00,-0.02915248315028368
2019-10-06 21:00:00,-0.028732631231887407
2019-10-07 01:00:00,-0.024066050590621058
2019-10-07 05:00:00,-0.02826742695326606
2019-10-07 09:00:00,-0.021440403702165992
2019-10-07 13:00:00,-0.009617533473556485
2019-10-07 17:00:00,-0.0026829092095194684
2019-10-07 21:00:00,0.006868123297240458
2019-10-08 01:00:00,0.017779918973531206
2019-10-08 05:00:00,0.012352247903144709
2019-10-08 09:00:00,-0.01618036867052863
2019-10-08 13:00:00,-0.029626715590729987
2019-10-08 17:00:00,-0.039711953517405967
2019-10-08 21:00:00,-0.04736281208037962
2019-10-09 01:00:00,-0.05043944176146537
2019-10-09 05:00:00,-0.03839434977742789
2019-10-09 09:00:00,-0.030974357767013738
2019-10-09 13:00:00,-0.021435361496967287
2019-10-09 17:00:00,-0.01556709732268846
2019-10-09 21:00:00,-0.013152497548374551
2019-10-10 01:00:00,0.00026843241205559703
2019-10-10 05:00:00,0.009135277933379982
2019-10-10 09:00:00,0.025010832441872688
2019-10-10 13:00:00,0.0947546631005094
2019-10-10 17:00:00,0.1615633069907728
2019-10-10 21:00:00,0.21459272293374185
2019-10-11 01:00:00,0.2545045659425024
2019-10-11 05:00:00,0.29724837966380524
2019-10-11 09:00:00,0.3763671412048352
2019-10-11 13:00:00,0.4448900590892751
2019-10-11 17:00:00,0.4861436712603538
2019-10-13 21:00:00,0.4944281515870357
2019-10-14 01:00:00,0.4935081347963338
2019-10-14 05:00:00,0.4739173081279332
2019-10-14 09:00:00,0.4464770033174849
2019-10-14 13:00:00,0.4228110845032174
2019-10-14 17:00:00,0.40853603607893146
2019-10-14 21:00:00,0.3890825882001253
2019-10-15 01:00:00,0.3737445813653173
2019-10-15 05:00:00,0.35977106344919496
2019-10-15 09:00:00,0.34319549375650504
2019-10-15 13:00:00,0.3706513801090405
2019-10-15 17:00:00,0.392180755678761
2019-10-15 21:00:00,0.3869454015464212
2019-10-16 01:00:00,0.3738703840928496
2019-10-16 05:00:00,0.35370688823135704
2019-10-16 09:00:00,0.34307418019791325
2019-10-16 13:00:00,0.3439810690786316
2019-10-16 17:00:00,0.3345242673561819
2019-10-16 21:00:00,0.3169217840295453
2019-10-17 01:00:00,0.2942783509361821
2019-10-17 05:00:00,0.2668744358878896
2019-10-17 09:00:00,0.2386409339142204
2019-10-17 13:00:00,0.21389818447632347
2019-10-17 17:00:00,0.20461399406936254
2019-10-17 21:00:00,0.1849197612460325
2019-10-18 01:00:00,0.1546897109091523
2019-10-18 05:00:00,0.1462148716643754
2019-10-18 09:00:00,0.12551391899453335
2019-10-18 13:00:00,0.11190405227651712
2019-10-18 17:00:00,0.1105307141911227
2019-10-20 21:00:00,0.08930297294398781
2019-10-21 01:00:00,0.06561054399189192
2019-10-21 05:00:00,0.06691539652372724
2019-10-21 09:00:00,0.06482279113014178
2019-10-21 13:00:00,0.05590832377839483
2019-10-21 17:00:00,0.04098243870172413
2019-10-21 21:00:00,0.0312510095367633
2019-10-22 01:00:00,0.02131433373763336
2019-10-22 05:00:00,-0.0049764600953841045
2019-10-22 09:00:00,-0.039208918640533115
2019-10-22 13:00:00,-0.05454723682930074
2019-10-22 17:00:00,-0.09503314821777133
2019-10-22 21:00:00,-0.13173168340351515
2019-10-23 01:00:00,-0.16590722878395806
2019-10-23 05:00:00,-0.194239850667683
2019-10-23 09:00:00,-0.20270624710529628
2019-10-23 13:00:00,-0.20555492716194235
2019-10-23 17:00:00,-0.19634605400522664
2019-10-23 21:00:00,-0.1897103611699196
2019-10-24 01:00:00,-0.1852762426472927
2019-10-24 05:00:00,-0.1869975638956796
2019-10-24 09:00:00,-0.18314769517768625
2019-10-24 13:00:00,-0.1994109948836353
2019-10-24 17:00:00,-0.21033543501495733
2019-10-24 21:00:00,-0.21805616660345173
2019-10-25 01:00:00,-0.22406351072248265
2019-10-25 05:00:00,-0.2314347850436997
2019-10-25 09:00:00,-0.2435903630830125
2019-10-25 13:00:00,-0.24253463003678002
2019-10-25 17:00:00,-0.2417907068327009
2019-10-27 21:00:00,-0.2369406080381448
2019-10-28 01:00:00,-0.23241686199318945
2019-10-28 05:00:00,-0.22659611049187303
2019-10-28 09:00:00,-0.2121781287151102
2019-10-28 13:00:00,-0.18829369909757146
2019-10-28 17:00:00,-0.17080370779829235
2019-10-28 21:00:00,-0.15446881029367565
2019-10-29 01:00:00,-0.1410000227611884
2019-10-29 05:00:00,-0.14012878991925135
2019-10-29 09:00:00,-0.12976061041993836
2019-10-29 13:00:00,-0.11346703667975565
2019-10-29 17:00:00,-0.10562538186522896
2019-10-29 21:00:00,-0.10129645284666132
2019-10-30 01:00:00,-0.09734788793324634
2019-10-30 05:00:00,-0.09034137380669703
2019-10-30 09:00:00,-0.08050091231081669
2019-10-30 13:00:00,-0.07703538694678924
2019-10-30 17:00:00,-0.06858866982547396
2019-10-30 21:00:00,-0.058227277178847237
2019-10-31 01:00:00,-0.05131685019122478
2019-10-31 05:00:00,-0.04203712718535585
2019-10-31 09:00:00,-0.04688635633382604
2019-10-31 13:00:00,-0.061068717923008276
2019-10-31 17:00:00,-0.07272060957364224
2019-10-31 21:00:00,-0.08159903729281492
2019-11-01 01:00:00,-0.08317235352865743
2019-11-01 05:00:00,-0.08519036926006551
2019-11-01 09:00:00,-0.08638185455829978
2019-11-01 13:00:00,-0.08642226596143443
2019-11-01 17:00:00,-0.08727049410861965
2019-11-03 22:00:00,-0.08604954085096901
2019-11-04 02:00:00,-0.0837531324624296
2019-11-04 06:00:00,-0.08073794361684966
2019-11-04 10:00:00,-0.07694170327440569
2019-11-04 14:00:00,-0.07297955813627087
2019-11-04 18:00:00,-0.07531471162226794
2019-11-04 22:00:00,-0.07016067612022314
2019-11-05 02:00:00,-0.06512375377033948
2019-11-05 06:00:00,-0.05371360164907496
2019-11-05 10:00:00,-0.04431393235746478
2019-11-05 14:00:00,-0.03523123633206038
2019-11-05 18:00:00,-0.0238765408040616
2019-11-05 22:00:00,-0.018673477083273715
2019-11-06 02:00:00,-0.014237384209076888
2019-11-06 06:00:00,-0.01414437841359528
2019-11-06 10:00:00,-0.013197893759955727
2019-11-06 14:00:00,-0.02426617310984708
2019-11-06 18:00:00,-0.0313494063145949
2019-11-06 22:00:00,-0.044199108005729536
2019-11-07 02:00:00,-0.056458736848507
2019-11-07 06:00:00,-0.04906973650528654
2019-11-07 10:00:00,-0.05711105666427496
2019-11-07 14:00:00,-0.05008032771274665
2019-11-07 18:00:00,-0.05125510895078947
2019-11-07 22:00:00,-0.053838338612656585
2019-11-08 02:00:00,-0.05466702336416748
2019-11-08 06:00:00,-0.052504178497184056
2019-11-08 10:00:00,-0.05144552678405962
2019-11-08 14:00:00,-0.06583187250618464
2019-11-08 18:00:00,-0.07455222488630575
2019-11-10 22:00:00,-0.07784055229569126
2019-11-11 02:00:00,-0.08159469357559078
2019-11-11 06:00:00,-0.08399768482256527
2019-11-11 10:00:00,-0.06452425746352418
2019-11-11 14:00:00,-0.05046944435093032
2019-11-11 18:00:00,-0.03945081638465907
2019-11-11 22:00:00,-0.02613603024779243
2019-11-12 02:00:00,-0.011650152581491324
2019-11-12 06:00:00,-0.008961968942647794
2019-11-12 10:00:00,-0.008139533703156662
2019-11-12 14:00:00,-0.0033630577669193085
2019-11-12 18:00:00,-0.006553992894416813
2019-11-12 22:00:00,-0.008894490617473869
2019-11-13 02:00:00,-0.006338631756075561
2019-11-13 06:00:00,-0.010007296478473482
2019-11-13 10:00:00,-0.02096342140578201
2019-11-13 14:00:00,-0.027054720450817173
2019-11-13 18:00:00,-0.029585852541762832
2019-11-13 22:00:00,-0.031764574456879954
2019-11-14 02:00:00,-0.041418416922606685
2019-11-14 06:00:00,-0.047043699693873585
2019-11-14 10:00:00,-0.05322312682083022
2019-11-14 14:00:00,-0.054869880176644674
2019-11-14 18:00:00,-0.05257271922027942
2019-11-14 22:00:00,-0.04292868999320568
2019-11-15 02:00:00,-0.036760863778039034
2019-11-15 06:00:00,-0.028452931492927463
2019-11-15 10:00:00,-0.018066182838295086
2019-11-15 14:00:00,-5.568442029431006e-05
2019-11-15 18:00:00,0.011295836967897956
2019-11-17 22:00:00,0.0281974134216928
2019-11-18 02:00:00,0.04149328915898999
2019-11-18 06:00:00,0.06873079748732537
2019-11-18 10:00:00,0.08037389963625174
2019-11-18 14:00:00,0.08318448431766715
2019-11-18 18:00:00,0.0824731471356232
2019-11-18 22:00:00,0.07714254771009682
2019-11-19 02:00:00,0.07518633254759527
2019-11-19 06:00:00,0.07609921623880928
2019-11-19 10:00:00,0.06869717267423761
2019-11-19 14:00:00,0.05101009202524463
2019-11-19 18:00:00,0.03721609593128315
2019-11-19 22:00:00,0.016694350733000133
2019-11-20 02:00:00,0.0028583178613936773
2019-11-20 06:00:00,-0.01051737781457862
2019-11-20 10:00:00,-0.019229252455980356
2019-11-20 14:00:00,-0.020681195988005916
2019-11-20 18:00:00,-0.018955624909270857
2019-11-20 22:00:00,-0.02628707306258309
2019-11-21 02:00:00,-0.022199918135252628
2019-11-21 06:00:00,-0.01577376553025145
2019-11-21 10:00:00,-0.005653921371008952
2019-11-21 14:00:00,-0.012098231544584365
2019-11-21 18:00:00,-0.01781683612175491
2019-11-21 22:00:00,-0.014510209231912803
2019-11-22 02:00:00,-0.013473689261941077
2019-11-22 06:00:00,-0.029395702360133964
2019-11-22 10:00:00,-0.044766361997619006
2019-11-22 14:00:00,-0.06171889998764087
2019-11-22 18:00:00,-0.07519302154116067
2019-11-24 22:00:00,-0.07300194899275772
2019-11-25 02:00:00,-0.0668315411061648
2019-11-25 06:00:00,-0.0526676679198826
2019-11-25 10:00:00,-0.039788227487951085
2019-11-25 14:00:00,-0.02436502113787761
2019-11-25 18:00:00,-0.010996317450673991
2019-11-25 22:00:00,0.006925722198376449
2019-11-26 02:00:00,0.013882108519546984
2019-11-26 06:00:00,0.010312578865788123
2019-11-26 10:00:00,0.0039291234923554685
2019-11-26 14:00:00,0.005314357258081896
2019-11-26 18:00:00,0.006211605010405491
2019-11-26 22:00:00,0.00571189303036302
2019-11-27 02:00:00,0.004837304517833603
2019-11-27 06:00:00,0.008772431194307335
2019-11-27 10:00:00,0.01983992243484337
2019-11-27 14:00:00,0.035312559281137565
2019-11-27 18:00:00,0.061522051044257876
2019-11-27 22:00:00,0.0807377597894661
2019-11-28 02:00:00,0.09494293478775656
2019-11-28 06:00:00,0.1045083599191586
2019-11-28 10:00:00,0.10576068301647353
2019-11-28 14:00:00,0.10269373527590166
2019-11-28 18:00:00,0.0999408229899707
2019-11-28 22:00:00,0.09427479448027977
2019-11-29 02:00:00,0.09106089655950933
2019-11-29 06:00:00,0.0809748525761306
2019-11-29 10:00:00,0.07332012166472479
2019-11-29 14:00:00,0.0709261990043547
2019-11-29 18:00:00,0.06987033134891646
2019-12-01 22:00:00,0.06968379107412256
2019-12-02 02:00:00,0.06709264234538193
2019-12-02 06:00:00,0.06192219499397227
2019-12-02 10:00:00,0.05803181722445878
2019-12-02 14:00:00,0.03726048051231376
2019-12-02 18:00:00,0.01959175960502452
2019-12-02 22:00:00,0.0071003952634796095
2019-12-03 02:00:00,0.002157148217824756
2019-12-03 06:00:00,0.006401516805600138
2019-12-03 10:00:00,0.0007657461699729918
2019-12-03 14:00:00,-0.007524806141234686
2019-12-03 18:00:00,-0.014952507134533057
2019-12-03 22:00:00,-0.022451315207923008
2019-12-04 02:00:00,-0.02827967091592959
2019-12-04 06:00:00,-0.00983662547522543
2019-12-04 10:00:00,0.012325710013753904
2019-12-04 14:00:00,0.03541712885436915
2019-12-04 18:00:00,0.05608435234642761
2019-12-04 22:00:00,0.07235112461778552
2019-12-05 02:00:00,0.08155745335916254
2019-12-05 06:00:00,0.09828587216566192
2019-12-05 10:00:00,0.10539397761204694
2019-12-05 14:00:00,0.11042962170486087
2019-12-05 18:00:00,0.11403426049442787
2019-12-05 22:00:00,0.11234314453892524
2019-12-06 02:00:00,0.10650139072994448
2019-12-06 06:00:00,0.08791292484446718
2019-12-06 10:00:00,0.08126810298540726
2019-12-06 14:00:00,0.06654559301637948
2019-12-06 18:00:00,0.051774230915823394
2019-12-08 22:00:00,0.04221953551868052
2019-12-09 02:00:00,0.03311975840659498
2019-12-09 06:00:00,0.024589734113357357
2019-12-09 10:00:00,0.015304975331958848
2019-12-09 14:00:00,0.012101543307925457
2019-12-09 18:00:00,0.0011089416742571243
2019-12-09 22:00:00,-0.001463861603674621
2019-12-10 02:00:00,-0.005035510941913679
2019-12-10 06:00:00,-0.006887420773958819
2019-12-10 10:00:00,-0.005450106284856593
2019-12-10 14:00:00,0.00303979221782813
2019-12-10 18:00:00,-0.0010769566077719062
2019-12-10 22:00:00,-0.010665991167805255
2019-12-11 02:00:00,-0.016415291967142476
2019-12-11 06:00:00,-0.024064868789756774
2019-12-11 10:00:00,-0.020689100982725302
2019-12-11 14:00:00,-0.01873313706210361
2019-12-11 18:00:00,-0.015685247869422603
2019-12-11 22:00:00,-0.005743486566670618
2019-12-12 02:00:00,-0.00156902878459525
2019-12-12 06:00:00,-0.003752794658501979
2019-12-12 10:00:00,-0.018604709671538044
2019-12-12 14:00:00,-0.019851367155947486
2019-12-12 18:00:00,-0.004498663003354608
2019-12-12 22:00:00,0.11281326717495632
2019-12-13 02:00:00,0.19701227438311408
2019-12-13 06:00:00,0.2433017364615905
2019-12-13 10:00:00,0.24747031972192424
2019-12-13 14:00:00,0.23274702151388404
2019-12-13 18:00:00,0.21761320587342625
2019-12-15 22:00:00,0.21356159371220165
2019-12-16 02:00:00,0.21396494713137004
2019-12-16 06:00:00,0.19379343921049608
2019-12-16 10:00:00,0.17714857889686564
2019-12-16 14:00:00,0.1611755562853806
2019-12-16 18:00:00,0.14389605467441524
2019-12-16 22:00:00,0.11080954918543663
2019-12-17 02:00:00,0.08426863151808317
2019-12-17 06:00:00,0.034492304608278124
2019-12-17 10:00:00,-0.02246546691983464
2019-12-17 14:00:00,-0.0766293553583286
2019-12-17 18:00:00,-0.1190353039777221
2019-12-17 22:00:00,-0.16192539156827512
2019-12-18 02:00:00,-0.18982766983360036
2019-12-18 06:00:00,-0.2112062853964829
2019-12-18 10:00:00,-0.2293748996013689
2019-12-18 14:00:00,-0.2401042616704532
2019-12-18 18:00:00,-0.24978108809583466
2019-12-18 22:00:00,-0.25095479291230205
2019-12-19 02:00:00,-0.2491823846749636
2019-12-19 06:00:00,-0.23959733306354006
2019-12-19 10:00:00,-0.2497842498535424
2019-12-19 14:00:00,-0.2663297959781661
2019-12-19 18:00:00,-0.2788732706299235
2019-12-19 22:00:00,-0.28267823996084196
2019-12-20 02:00:00,-0.28221824038008897
2019-12-20 06:00:00,-0.2716168469773044
2019-12-20 10:00:00,-0.2559245705886907
2019-12-20 14:00:00,-0.24275019634377026
2019-12-20 18:00:00,-0.23939997442684385
2019-12-22 22:00:00,-0.22860014216866345
2019-12-23 02:00:00,-0.21679338133719914
2019-12-23 06:00:00,-0.2068913153479851
2019-12-23 10:00:00,-0.2205605519133732
2019-12-23 14:00:00,-0.2249252752110531
2019-12-23 18:00:00,-0.2239199195118132
2019-12-23 22:00:00,-0.2186293696611838
2019-12-24 02:00:00,-0.2096963036138022
2019-12-24 06:00:00,-0.2026887568768684
2019-12-24 10:00:00,-0.18877450957636305
2019-12-24 14:00:00,-0.16849275228375402
2019-12-24 18:00:00,-0.15422669984149778
2019-12-26 06:00:00,-0.12453597988399236
2019-12-26 10:00:00,-0.09580902860119313
2019-12-26 14:00:00,-0.06336177268570402
2019-12-26 18:00:00,-0.04089648648568117
2019-12-26 22:00:00,-0.028992950641348606
2019-12-27 02:00:00,-0.013265431489546231
2019-12-27 06:00:00,0.02134027510593084
2019-12-27 10:00:00,0.05412348716118615
2019-12-27 14:00:00,0.07920594807584364
2019-12-27 18:00:00,0.09341113858440332
2019-12-29 22:00:00,0.10667693904664527
2019-12-30 02:00:00,0.11325142246258155
2019-12-30 06:00:00,0.11581128928096725
2019-12-30 10:00:00,0.1200714201425434
2019-12-30 14:00:00,0.10989733224880907
2019-12-30 18:00:00,0.09792539712452183
2019-12-30 22:00:00,0.08455432486792272
2019-12-31 02:00:00,0.07160952242157095
2019-12-31 06:00:00,0.06970827869151214
2019-12-31 10:00:00,0.0806375854285119
2019-12-31 14:00:00,0.1047892248968644
2019-12-31 18:00:00,0.11991645554037494
2020-01-02 06:00:00,0.12674958061813796
2020-01-02 10:00:00,0.1139428573807638
2020-01-02 14:00:00,0.0840239950627234
2020-01-02 18:00:00,0.06138187198302405
2020-01-02 22:00:00,0.030524295592308237
2020-01-03 02:00:00,-0.0015154107341317433
2020-01-03 06:00:00,-0.04386153275953825
2020-01-03 10:00:00,-0.0714259370565555
2020-01-03 14:00:00,-0.0936205345892526
2020-01-03 18:00:00,-0.10857564977769736
2020-01-05 22:00:00,-0.12220481044467944
2020-01-06 02:00:00,-0.1259893561413344
2020-01-06 06:00:00,-0.11100954623478863
2020-01-06 10:00:00,-0.09335576900066114
2020-01-06 14:00:00,-0.06424285794946633
2020-01-06 18:00:00,-0.03707321758093754
2020-01-06 22:00:00,-0.011215440537758829
2020-01-07 02:00:00,0.0043057919414085655
2020-01-07 06:00:00,0.023322889566609637
2020-01-07 10:00:00,0.02097570779671268
2020-01-07 14:00:00,0.025861637304397302
2020-01-07 18:00:00,0.022824229839819216
2020-01-07 22:00:00,0.005826799239175061
2020-01-08 02:00:00,0.002865111671712384
2020-01-08 06:00:00,0.006517723081448129
2020-01-08 10:00:00,0.018167890455671548
2020-01-08 14:00:00,0.037430334730105284
2020-01-08 18:00:00,0.04863840020781485
2020-01-08 22:00:00,0.06755030683067134
2020-01-09 02:00:00,0.08404967077822492
2020-01-09 06:00:00,0.07491446143644233
2020-01-09 10:00:00,0.07438868543802292
2020-01-09 14:00:00,0.07836509748852184
2020-01-09 18:00:00,0.08225439274009186
2020-01-09 22:00:00,0.0841172151747781
2020-01-10 02:00:00,0.09059952155819548
2020-01-10 06:00:00,0.09268352683640003
2020-01-10 10:00:00,0.09374967454519928
2020-01-10 14:00:00,0.0846922363639929
2020-01-10 18:00:00,0.07584844026023431
2020-01-12 22:00:00,0.06582535599584613
2020-01-13 02:00:00,0.0562705236132896
2020-01-13 06:00:00,0.03752438393918482
2020-01-13 10:00:00,0.025680511758539352
2020-01-13 14:00:00,0.021651602352015138
2020-01-13 18:00:00,0.01730645742606024
2020-01-13 22:00:00,0.018599005417936937
2020-01-14 02:00:00,0.018097700493972756
2020-01-14 06:00:00,0.010954623406957444
2020-01-14 10:00:00,0.010079480572770095
2020-01-14 14:00:00,0.02149768878389761
2020-01-14 18:00:00,0.025163813806861085
2020-01-14 22:00:00,0.02775012316423604
2020-01-15 02:00:00,0.030745806267161238
2020-01-15 06:00:00,0.018383425559855046
2020-01-15 10:00:00,0.012233972111358946
2020-01-15 14:00:00,0.016254257798245075
2020-01-15 18:00:00,0.02073843070800631
2020-01-15 22:00:00,0.026721195047355945
2020-01-16 02:00:00,0.03257083977218929
2020-01-16 06:00:00,0.03999777320763971
2020-01-16 10:00:00,0.044022765362937435
2020-01-16 14:00:00,0.05837178137158725
2020-01-16 18:00:00,0.06990238674447448
2020-01-16 22:00:00,0.07513687530609323
2020-01-17 02:00:00,0.08032525188399184
2020-01-17 06:00:00,0.07619095968184561
2020-01-17 10:00:00,0.06891823048950657
2020-01-17 14:00:00,0.05364536895509467
2020-01-17 18:00:00,0.034337372850471976
2020-01-19 22:00:00,0.019557805790646948
2020-01-20 02:00:00,0.005142799339343779
2020-01-20 06:00:00,-0.010084558469201059
2020-01-20 10:00:00,-0.01646405889641639
2020-01-20 14:00:00,-0.0220901270263586
2020-01-20 18:00:00,-0.02356833959725871
2020-01-20 22:00:00,-0.035489180484962884
2020-01-21 02:00:00,-0.041374672131525736
2020-01-21 06:00:00,-0.03702450179437616
2020-01-21 10:00:00,-0.019533471868399432
2020-01-21 14:00:00,-0.01926160775714053
2020-01-21 18:00:00,-0.02074603633019051
2020-01-21 22:00:00,-0.02007150674324037
2020-01-22 02:00:00,-0.011797187216190164
2020-01-22 06:00:00,-0.007251509183297089
2020-01-22 10:00:00,0.016386799882233183
2020-01-22 14:00:00,0.030536349144865218
2020-01-22 18:00:00,0.04249261225043316
2020-01-22 22:00:00,0.04355242398883305
2020-01-23 02:00:00,0.0369044046588021
2020-01-23 06:00:00,0.031646797126543974
2020-01-23 10:00:00,0.025458563578980103
2020-01-23 14:00:00,0.008353792103444918
2020-01-23 18:00:00,0.003047554533932989
2020-01-23 22:00:00,-0.0040830553890131285
2020-01-24 02:00:00,-0.0051789152865439345
2020-01-24 06:00:00,-0.01447997356149608
2020-01-24 10:00:00,-0.021065153401689768
2020-01-24 14:00:00,-0.040151779870063666
2020-01-24 18:00:00,-0.059989261112033926
2020-01-26 22:00:00,-0.0847782753920166
2020-01-27 02:00:00,-0.1030764483533353
2020-01-27 06:00:00,-0.1105906663211865
2020-01-27 10:00:00,-0.12015478267326657
2020-01-27 14:00:00,-0.12754185029103535
2020-01-27 18:00:00,-0.135727544091908
2020-01-27 22:00:00,-0.13325721138477614
2020-01-28 02:00:00,-0.1313300743208749
2020-01-28 06:00:00,-0.14280176612722564
2020-01-28 10:00:00,-0.14952908804094467
2020-01-28 14:00:00,-0.15038229319456325
2020-01-28 18:00:00,-0.13954445454919065
2020-01-28 22:00:00,-0.12985109412087048
2020-01-29 02:00:00,-0.1201562774309678
2020-01-29 06:00:00,-0.11728736197946865
2020-01-29 10:00:00,-0.11561000565704373
2020-01-29 14:00:00,-0.10537178169097992
2020-01-29 18:00:00,-0.09876476802086047
2020-01-29 22:00:00,-0.09323613155521893
2020-01-30 02:00:00,-0.08944068936630073
2020-01-30 06:00:00,-0.08469353560621534
2020-01-30 10:00:00,-0.05505788928831085
2020-01-30 14:00:00,-0.04209398845023393
2020-01-30 18:00:00,-0.01864102819072164
2020-01-30 22:00:00,0.004735127892354585
2020-01-31 02:00:00,0.024100150483833318
2020-01-31 06:00:00,0.041897448493194565
2020-01-31 10:00:00,0.05912308689762541
2020-01-31 14:00:00,0.07208786211533266
2020-01-31 18:00:00,0.07980495521707978
2020-02-02 22:00:00,0.08578533368715667
2020-02-03 02:00:00,0.08444478775549358
2020-02-03 06:00:00,0.057573088367703924
2020-02-03 10:00:00,0.03091403306784268
2020-02-03 14:00:00,-0.0013856035321516689
2020-02-03 18:00:00,-0.028665656363361738
2020-02-03 22:00:00,-0.04948702023560539
2020-02-04 02:00:00,-0.05368108267311656
2020-02-04 06:00:00,-0.0452846023706413
2020-02-04 10:00:00,-0.030290416939769808
2020-02-04 14:00:00,-0.0071569989841205875
2020-02-04 18:00:00,0.012939508363763286
2020-02-04 22:00:00,0.02553156315952307
2020-02-05 02:00:00,0.031814110168449435
2020-02-05 06:00:00,0.06015095692752204
2020-02-05 10:00:00,0.06756650701245454
2020-02-05 14:00:00,0.07072010747898387
2020-02-05 18:00:00,0.07338513451884388
2020-02-05 22:00:00,0.07140715899762218
2020-02-06 02:00:00,0.07056777210256171
2020-02-06 06:00:00,0.0639162656995601
2020-02-06 10:00:00,0.05659923246702125
2020-02-06 14:00:00,0.0437484558698253
2020-02-06 18:00:00,0.032125133676264066
2020-02-06 22:00:00,0.023065747117737772
2020-02-07 02:00:00,0.015864637619563512
2020-02-07 06:00:00,0.0032611821352411807
2020-02-07 10:00:00,-0.005404429042647305
2020-02-07 14:00:00,-0.020479140471251392
2020-02-07 18:00:00,-0.038493503941150815
2020-02-09 22:00:00,-0.04774124064673863
2020-02-10 02:00:00,-0.049989303802700516
2020-02-10 06:00:00,-0.05135003882434419
2020-02-10 10:00:00,-0.0454321334351771
2020-02-10 14:00:00,-0.04755652089974957
2020-02-10 18:00:00,-0.04339725449625265
2020-02-10 22:00:00,-0.03657636940583223
2020-02-11 02:00:00,-0.0290583306474253
2020-02-11 06:00:00,-0.01629251465899262
2020-02-11 10:00:00,-0.008963006770150994
2020-02-11 14:00:00,0.0022312495823138823
2020-02-11 18:00:00,0.010777609551684721
2020-02-11 22:00:00,0.024298792338709296
2020-02-12 02:00:00,0.03330928472988206
2020-02-12 06:00:00,0.05054236457609376
2020-02-12 10:00:00,0.058653323121656636
2020-02-12 14:00:00,0.06621543774758755
2020-02-12 18:00:00,0.07071636455534865
2020-02-12 22:00:00,0.06852102596204268
2020-02-13 02:00:00,0.059432894083293976
2020-02-13 06:00:00,0.054700148424613036
2020-02-13 10:00:00,0.06623566340020562
2020-02-13 14:00:00,0.08448265253481217
2020-02-13 18:00:00,0.09367817160834567
2020-02-13 22:00:00,0.10202526196653594
2020-02-14 02:00:00,0.10586256953828692
2020-02-14 06:00:00,0.1041238198281826
2020-02-14 10:00:00,0.09436654150955452
2020-02-14 14:00:00,0.09120180687263142
2020-02-14 18:00:00,0.08925072616225402
2020-02-16 22:00:00,0.08916273003888207
2020-02-17 02:00:00,0.0887325309187614
2020-02-17 06:00:00,0.08527914368239517
2020-02-17 10:00:00,0.0737666081673006
2020-02-17 14:00:00,0.06416817879008915
2020-02-17 18:00:00,0.051479126306044086
2020-02-17 22:00:00,0.035088631630649264
2020-02-18 02:00:00,0.02027163677304583
2020-02-18 06:00:00,0.00704375357151893
2020-02-18 10:00:00,0.007359097881500437
2020-02-18 14:00:00,0.003729316831135088
2020-02-18 18:00:00,-0.002256796687687468
2020-02-18 22:00:00,-0.0016118028074169064
2020-02-19 02:00:00,0.0009512309882386828
2020-02-19 06:00:00,0.011430542125282328
2020-02-19 10:00:00,0.025122671853004458
2020-02-19 14:00:00,0.03804838266760946
2020-02-19 18:00:00,0.05064442892146168
2020-02-19 22:00:00,0.05464397940694893
2020-02-20 02:00:00,0.06046513668641058
2020-02-20 06:00:00,0.08122688783345366
2020-02-20 10:00:00,0.08329136655776725
2020-02-20 14:00:00,0.0896680469451992
2020-02-20 18:00:00,0.09674181050293988
2020-02-20 22:00:00,0.09860651360978497
2020-02-21 02:00:00,0.09841934455021706
2020-02-21 06:00:00,0.09365771044981623
2020-02-21 10:00:00,0.09865077457127712
2020-02-21 14:00:00,0.10563578086665547
2020-02-21 18:00:00,0.09831995212699562
2020-02-23 22:00:00,0.09016090849736186
2020-02-24 02:00:00,0.07782071055050532
2020-02-24 06:00:00,0.044975856109176586
2020-02-24 10:00:00,0.01862072724127395
2020-02-24 14:00:00,-0.024632960741310272
2020-02-24 18:00:00,-0.05039342257324897
2020-02-24 22:00:00,-0.057266342418412226
2020-02-25 02:00:00,-0.06964259143177938
2020-02-25 06:00:00,-0.0751064132092229
2020-02-25 10:00:00,-0.0785803519696292
2020-02-25 14:00:00,-0.08838325000472502
2020-02-25 18:00:00,-0.09189566683865867
2020-02-25 22:00:00,-0.09154498723455656
2020-02-26 02:00:00,-0.08806044528291973
2020-02-26 06:00:00,-0.10103309249461977
2020-02-26 10:00:00,-0.10856787606328464
2020-02-26 14:00:00,-0.12168137663171295
2020-02-26 18:00:00,-0.13494811683533015
2020-02-26 22:00:00,-0.14160424460860588
2020-02-27 02:00:00,-0.14962920835653645
2020-02-27 06:00:00,-0.15761536111341407
2020-02-27 10:00:00,-0.17385939601017486
2020-02-27 14:00:00,-0.1768137623767484
2020-02-27 18:00:00,-0.19618956050448053
2020-02-27 22:00:00,-0.2132112808429664
2020-02-28 02:00:00,-0.24194125896857305
2020-02-28 06:00:00,-0.2623526268453447
2020-02-28 10:00:00,-0.2936126916672518
2020-02-28 14:00:00,-0.35323280326286444
2020-02-28 18:00:00,-0.3809561746007007
2020-03-01 22:00:00,-0.4008183318465974
2020-03-02 02:00:00,-0.3935742274308459
2020-03-02 06:00:00,-0.4134678815498056
2020-03-02 10:00:00,-0.4239793119925427
2020-03-02 14:00:00,-0.41135349356744266
2020-03-02 18:00:00,-0.3922725931437416
2020-03-02 22:00:00,-0.372059421687973
2020-03-03 02:00:00,-0.3554675922691896
2020-03-03 06:00:00,-0.3287321091358005
2020-03-03 10:00:00,-0.30420864932523073
2020-03-03 14:00:00,-0.28786382700570834
2020-03-03 18:00:00,-0.2772752897876749
2020-03-03 22:00:00,-0.2524472380664076
2020-03-04 02:00:00,-0.22553698761227706
2020-03-04 06:00:00,-0.2064871092141316
2020-03-04 10:00:00,-0.1707702682510157
2020-03-04 14:00:00,-0.13597284632139514
2020-03-04 18:00:00,-0.0923892772785848
2020-03-04 22:00:00,-0.05892139481104541
2020-03-05 02:00:00,-0.028468371875173926
2020-03-05 06:00:00,-0.004816380300585178
2020-03-05 10:00:00,0.012200639588003215
2020-03-05 14:00:00,0.013475106248793669
2020-03-05 18:00:00,0.015573804192225982
2020-03-05 22:00:00,0.016838724565577667
2020-03-06 02:00:00,0.0121792592327159
2020-03-06 06:00:00,-0.0016915937166026571
2020-03-06 10:00:00,-0.00381486738485437
2020-03-06 14:00:00,0.005817130838178919
2020-03-06 18:00:00,0.02290336813044247
2020-03-08 21:00:00,0.003514872235095945
2020-03-09 01:00:00,-0.056684805499163986
2020-03-09 05:00:00,-0.09266488694354692
2020-03-09 09:00:00,-0.1340192081373155
2020-03-09 13:00:00,-0.1586956852453929
2020-03-09 17:00:00,-0.1666945088317464
2020-03-09 21:00:00,-0.15108267121066274
2020-03-10 01:00:00,-0.10082778418383054
2020-03-10 05:00:00,-0.050000308490284695
2020-03-10 09:00:00,-0.025216376876847413
2020-03-10 13:00:00,-0.033062216424692085
2020-03-10 17:00:00,0.009543369596138662
2020-03-10 21:00:00,0.01974597770101294
2020-03-11 01:00:00,0.020045352420074103
2020-03-11 05:00:00,0.052971510437558315
2020-03-11 09:00:00,0.05441138543443546
2020-03-11 13:00:00,0.05209403306482985
2020-03-11 17:00:00,0.023331535422125738
2020-03-11 21:00:00,0.009190007257029452
2020-03-12 01:00:00,-0.021116469811204075
2020-03-12 05:00:00,-0.0623140251308596
2020-03-12 09:00:00,-0.11325737047433206
2020-03-12 13:00:00,-0.12305434426217833
2020-03-12 17:00:00,-0.1565391035099979
2020-03-12 21:00:00,-0.17547805509138814
2020-03-13 01:00:00,-0.1566921913413779
2020-03-13 05:00:00,-0.11698344251378698
2020-03-13 09:00:00,-0.0681250611227624
2020-03-13 13:00:00,-0.042266408418396566
2020-03-13 17:00:00,-0.034316557742117615
2020-03-15 21:00:00,-0.04393392793313877
2020-03-16 01:00:00,-0.0511874589400525
2020-03-16 05:00:00,-0.07122160593307103
2020-03-16 09:00:00,-0.1314967128583313
2020-03-16 13:00:00,-0.16854384798867428
2020-03-16 17:00:00,-0.17896917404710422
2020-03-16 21:00:00,-0.16475867365215754
2020-03-17 01:00:00,-0.1435819753572094
2020-03-17 05:00:00,-0.12700485057582922
2020-03-17 09:00:00,-0.13463000803607827
2020-03-17 13:00:00,-0.1314026586981254
2020-03-17 17:00:00,-0.11832090157398678
2020-03-17 21:00:00,-0.09386027186937218
2020-03-18 01:00:00,-0.07435124806422655
2020-03-18 05:00:00,-0.0713719680924183
2020-03-18 09:00:00,-0.11245724074540543
2020-03-18 13:00:00,-0.203320877188649
2020-03-18 17:00:00,-0.2547021735943433
2020-03-18 21:00:00,-0.2793548285485685
2020-03-19 01:00:00,-0.301840706799533
2020-03-19 05:00:00,-0.3030411830930282
2020-03-19 09:00:00,-0.2423903955788216
2020-03-19 13:00:00,-0.17417992454127162
2020-03-19 17:00:00,-0.1393025682761564
2020-03-19 21:00:00,-0.07912553920796728
2020-03-20 01:00:00,-0.023903591798956517
2020-03-20 05:00:00,0.08320973481273097
2020-03-20 09:00:00,0.15764692799256586
2020-03-20 13:00:00,0.2323062302225001
2020-03-20 17:00:00,0.2530745874875153
2020-03-22 21:00:00,0.2433230474886525
2020-03-23 01:00:00,0.2378791330624832
2020-03-23 05:00:00,0.2293435208908845
2020-03-23 09:00:00,0.22542139899121796
2020-03-23 13:00:00,0.20760909047316045
2020-03-23 17:00:00,0.2133840764850743
2020-03-23 21:00:00,0.20991563556025009
2020-03-24 01:00:00,0.21481606686899
2020-03-24 05:00:00,0.2406222319825919
2020-03-24 09:00:00,0.2890624751513844
2020-03-24 13:00:00,0.350026871909682
2020-03-24 17:00:00,0.3835589504219104
2020-03-24 21:00:00,0.4039676138947333
2020-03-25 01:00:00,0.4376432469471332
2020-03-25 05:00:00,0.4952425209005409
2020-03-25 09:00:00,0.5095534940815019
2020-03-25 13:00:00,0.5172902758894797
2020-03-25 17:00:00,0.52416524877069
2020-03-25 21:00:00,0.5037703863233047
2020-03-26 01:00:00,0.4777565867049274
2020-03-26 05:00:00,0.4511254149966484
2020-03-26 09:00:00,0.4302154410664376
2020-03-26 13:00:00,0.4566725436141415
2020-03-26 17:00:00,0.4838662591974432
2020-03-26 21:00:00,0.4739452108544202
2020-03-27 01:00:00,0.4582621013208689
2020-03-27 05:00:00,0.4314597275307188
2020-03-27 09:00:00,0.4264848469425477
2020-03-27 13:00:00,0.4370910000829727
2020-03-27 17:00:00,0.4499992077801648
2020-03-29 21:00:00,0.43195982197030997
2020-03-30 01:00:00,0.4026450556172169
2020-03-30 05:00:00,0.3718917876607577
2020-03-30 09:00:00,0.3667237057453481
2020-03-30 13:00:00,0.3411847347450355
2020-03-30 17:00:00,0.3205300723036148
2020-03-30 21:00:00,0.29606787576385024
2020-03-31 01:00:00,0.2652874283549562
2020-03-31 05:00:00,0.23763831984002545
2020-03-31 09:00:00,0.23129714710258364
2020-03-31 13:00:00,0.20273736223910904
2020-03-31 17:00:00,0.17239206297111442
2020-03-31 21:00:00,0.14458169415064245
2020-04-01 01:00:00,0.11729765773485645
2020-04-01 05:00:00,0.08175481223907366
2020-04-01 09:00:00,0.05290305148350116
2020-04-01 13:00:00,0.021032715083750157
2020-04-01 17:00:00,-0.009940810176814365
2020-04-01 21:00:00,-0.02087705527774097
2020-04-02 01:00:00,-0.02798061108098293
2020-04-02 05:00:00,-0.02987283143574582
2020-04-02 09:00:00,-0.03869357035536436
2020-04-02 13:00:00,-0.03446883312615423
2020-04-02 17:00:00,-0.02737065339180933
2020-04-02 21:00:00,-0.017956970007479534
2020-04-03 01:00:00,-0.015119057762621013
2020-04-03 05:00:00,-0.02803719106366848
2020-04-03 09:00:00,-0.04257766781303424
2020-04-03 13:00:00,-0.06503017628545588
2020-04-03 17:00:00,-0.07210279776207856
2020-04-05 21:00:00,-0.06774418112621577
2020-04-06 01:00:00,-0.07047126644169655
2020-04-06 05:00:00,-0.03827659529491395
2020-04-06 09:00:00,-0.02402336168762259
2020-04-06 13:00:00,-0.010335371602449128
2020-04-06 17:00:00,-0.016872047473863783
2020-04-06 21:00:00,-0.029203003348939105
2020-04-07 01:00:00,-0.032453354875003004
2020-04-07 05:00:00,-0.017600706788890252
2020-04-07 09:00:00,0.009667010333184678
2020-04-07 13:00:00,0.014897218193064719
2020-04-07 17:00:00,0.01242695897976015
2020-04-07 21:00:00,0.0027952796701354865
2020-04-08 01:00:00,0.0022647949525968487
2020-04-08 05:00:00,-0.003370885759327813
2020-04-08 09:00:00,0.012617520573417584
2020-04-08 13:00:00,0.02399522011223787
2020-04-08 17:00:00,0.030328949652916937
2020-04-08 21:00:00,0.04908953298135327
2020-04-09 01:00:00,0.05314482272455623
2020-04-09 05:00:00,0.057201275476448925
2020-04-09 09:00:00,0.06628875006266732
2020-04-09 13:00:00,0.05924668534329601
2020-04-09 17:00:00,0.05788090739396656
2020-04-09 21:00:00,0.055078227757760334
2020-04-10 01:00:00,0.050455205198364
2020-04-10 05:00:00,0.04566675926364672
2020-04-10 09:00:00,0.045250064531354266
2020-04-10 13:00:00,0.039124748163826495
2020-04-10 17:00:00,0.0297348724300035
2020-04-12 21:00:00,0.013323191342828113
2020-04-13 01:00:00,-0.007955580518476335
2020-04-13 05:00:00,-0.011799628639612592
2020-04-13 09:00:00,-0.025479314470480463
2020-04-13 13:00:00,-0.03836537952479313
2020-04-13 17:00:00,-0.047247317719100616
2020-04-13 21:00:00,-0.05245456779929203
2020-04-14 01:00:00,-0.04339292499278719
2020-04-14 05:00:00,-0.04208579687544145
2020-04-14 09:00:00,-0.04217789377375036
2020-04-14 13:00:00,-0.04461238250933891
2020-04-14 17:00:00,-0.04020395766479029
2020-04-14 21:00:00,-0.03809088334648286
2020-04-15 01:00:00,-0.04335644300563085
2020-04-15 05:00:00,-0.0614776646510044
2020-04-15 09:00:00,-0.09183815280893716
2020-04-15 13:00:00,-0.09450600609476116
2020-04-15 17:00:00,-0.10198520848852682
2020-04-15 21:00:00,-0.10294859285679207
2020-04-16 01:00:00,-0.09985708127184234
2020-04-16 05:00:00,-0.10204982443427202
2020-04-16 09:00:00,-0.10508096903589087
2020-04-16 13:00:00,-0.11731167948521988
2020-04-16 17:00:00,-0.11419930212352952
2020-04-16 21:00:00,-0.10286535005164348
2020-04-17 01:00:00,-0.0953904696988042
2020-04-17 05:00:00,-0.10320610223154436
2020-04-17 09:00:00,-0.1072234440266849
2020-04-17 13:00:00,-0.09950149104006437
2020-04-17 17:00:00,-0.09588153062311773
2020-04-19 21:00:00,-0.0836169092658218
2020-04-20 01:00:00,-0.07582478534408232
2020-04-20 05:00:00,-0.07918313847333727
2020-04-20 09:00:00,-0.08529846046914011
2020-04-20 13:00:00,-0.08384489121416966
2020-04-20 17:00:00,-0.09391208736163667
2020-04-20 21:00:00,-0.09527214526590223
2020-04-21 01:00:00,-0.1113608693860269
2020-04-21 05:00:00,-0.12998049619977656
2020-04-21 09:00:00,-0.17054604988294647
2020-04-21 13:00:00,-0.19382213414606556
2020-04-21 17:00:00,-0.2047467079989717
2020-04-21 21:00:00,-0.2069974886187108
2020-04-22 01:00:00,-0.2143684235231288
2020-04-22 05:00:00,-0.20089177424527926
2020-04-22 09:00:00,-0.17375759188958395
2020-04-22 13:00:00,-0.16362468281409595
2020-04-22 17:00:00,-0.14847560534573645
2020-04-22 21:00:00,-0.13622868452777945
2020-04-23 01:00:00,-0.1189424026717168
2020-04-23 05:00:00,-0.10407075346304624
2020-04-23 09:00:00,-0.0996952233825216
2020-04-23 13:00:00,-0.08580441088671714
2020-04-23 17:00:00,-0.07692647526990809
2020-04-23 21:00:00,-0.06041907486275045
2020-04-24 01:00:00,-0.04889707246644759
2020-04-24 05:00:00,-0.04690925432969939
2020-04-24 09:00:00,-0.03420600035442733
2020-04-24 13:00:00,-0.03632759762746707
2020-04-24 17:00:00,-0.02815224444420367
2020-04-26 21:00:00,-0.012428780365710657
2020-04-27 01:00:00,0.0064159604311310745
2020-04-27 05:00:00,0.0200431086569548
2020-04-27 09:00:00,0.0251699849841362
2020-04-27 13:00:00,0.029641041526838493
2020-04-27 17:00:00,0.03793217218239703
2020-04-27 21:00:00,0.04790568794806194
2020-04-28 01:00:00,0.05010331919789168
2020-04-28 05:00:00,0.05949980301345442
2020-04-28 09:00:00,0.05691030415177095
2020-04-28 13:00:00,0.046903886410768085
2020-04-28 17:00:00,0.03691346916641783
2020-04-28 21:00:00,0.030737736474303445
2020-04-29 01:00:00,0.02874964806065466
2020-04-29 05:00:00,0.016366963764717052
2020-04-29 09:00:00,0.0070962188293815795
2020-04-29 13:00:00,0.004096858576742746
2020-04-29 17:00:00,0.009315891052405269
2020-04-29 21:00:00,0.012411195096884405
2020-04-30 01:00:00,0.014073941981902344
2020-04-30 05:00:00,0.02152149307040932
2020-04-30 09:00:00,0.03693274483540282
2020-04-30 13:00:00,0.07953956190924244
2020-04-30 17:00:00,0.12181490043814007
2020-04-30 21:00:00,0.14811406275496794
2020-05-01 01:00:00,0.16372514303942445
2020-05-01 05:00:00,0.16331278027591445
2020-05-01 09:00:00,0.1447252382759467
2020-05-01 13:00:00,0.127134394615009
2020-05-01 17:00:00,0.1079859112079047
2020-05-03 21:00:00,0.07385239372754958
2020-05-04 01:00:00,0.04560617854203381
2020-05-04 05:00:00,0.02082833642098213
2020-05-04 09:00:00,0.002871143911910561
2020-05-04 13:00:00,-0.009826211027609215
2020-05-04 17:00:00,-0.021587440265188183
2020-05-04 21:00:00,-0.02952852363463232
2020-05-05 01:00:00,-0.032876471355105824
2020-05-05 05:00:00,-0.03778927834362342
2020-05-05 09:00:00,-0.03741016025429897
2020-05-05 13:00:00,-0.04639400030114521
2020-05-05 17:00:00,-0.05588259736796014
2020-05-05 21:00:00,-0.06829719038041733
2020-05-06 01:00:00,-0.07445047987081771
2020-05-06 05:00:00,-0.0946984029818136
2020-05-06 09:00:00,-0.11102328214661787
2020-05-06 13:00:00,-0.13580084181514426
2020-05-06 17:00:00,-0.1550562923865328
2020-05-06 21:00:00,-0.16949722320515634
2020-05-07 01:00:00,-0.1746032278843802
2020-05-07 05:00:00,-0.15978675273776746
2020-05-07 09:00:00,-0.14627642043955394
2020-05-07 13:00:00,-0.13527369583512927
2020-05-07 17:00:00,-0.1260238018233522
2020-05-07 21:00:00,-0.10289415030110384
2020-05-08 01:00:00,-0.0811257452750172
2020-05-08 05:00:00,-0.062225981074590424
2020-05-08 09:00:00,-0.041912399648132925
2020-05-08 13:00:00,-0.011882600955589571
2020-05-08 17:00:00,0.006697966809805278
2020-05-10 21:00:00,0.04012103131035638
2020-05-11 01:00:00,0.06624594728833005
2020-05-11 05:00:00,0.07965567814269592
2020-05-11 09:00:00,0.07434182651167802
2020-05-11 13:00:00,0.09184658985023586
2020-05-11 17:00:00,0.09917453609443687
2020-05-11 21:00:00,0.09151924247319426
2020-05-12 01:00:00,0.08726228493766591
2020-05-12 05:00:00,0.08757696497289416
2020-05-12 09:00:00,0.09446424129794363
2020-05-12 13:00:00,0.07656566923696229
2020-05-12 17:00:00,0.04409612651866787
2020-05-12 21:00:00,0.02160806092642681
2020-05-13 01:00:00,0.006602932568954029
2020-05-13 05:00:00,-0.00727822512155457
2020-05-13 09:00:00,-0.010208256576037966
2020-05-13 13:00:00,-0.03465449932935602
2020-05-13 17:00:00,-0.05055415609969816
2020-05-13 21:00:00,-0.06533581064712128
2020-05-14 01:00:00,-0.08226316808897274
2020-05-14 05:00:00,-0.09752351816584737
2020-05-14 09:00:00,-0.1071766621175998
2020-05-14 13:00:00,-0.10191698977382192
2020-05-14 17:00:00,-0.08637282112504535
2020-05-14 21:00:00,-0.06771942149871851
2020-05-15 01:00:00,-0.05826988071253009
2020-05-15 05:00:00,-0.05807470328458386
2020-05-15 09:00:00,-0.06797114879539863
2020-05-15 13:00:00,-0.07929482897573377
2020-05-15 17:00:00,-0.09895952672970464
2020-05-17 21:00:00,-0.10948389101189072
2020-05-18 01:00:00,-0.11608667454716776
2020-05-18 05:00:00,-0.11091790545516844
2020-05-18 09:00:00,-0.08152432071700172
2020-05-18 13:00:00,-0.0579641688166237
2020-05-18 17:00:00,-0.0316608785248102
2020-05-18 21:00:00,-0.0033433881295707453
2020-05-19 01:00:00,0.020263143112783436
2020-05-19 05:00:00,0.05395223282126177
2020-05-19 09:00:00,0.0923634183817444
2020-05-19 13:00:00,0.12058116952330973
2020-05-19 17:00:00,0.1370850918938905
2020-05-19 21:00:00,0.16028407439522965
2020-05-20 01:00:00,0.17017158334698718
2020-05-20 05:00:00,0.16744784901063306
2020-05-20 09:00:00,0.16647504854026302
2020-05-20 13:00:00,0.15239366201575189
2020-05-20 17:00:00,0.13994672908201158
2020-05-20 21:00:00,0.12894820382329614
2020-05-21 01:00:00,0.11357734334690163
2020-05-21 05:00:00,0.11131375541955392
2020-05-21 09:00:00,0.10769518291474416
2020-05-21 13:00:00,0.10144867584417504
2020-05-21 17:00:00,0.0906019282428244
2020-05-21 21:00:00,0.08728852563995412
2020-05-22 01:00:00,0.06962945773156183
2020-05-22 05:00:00,0.048535576679188994
2020-05-22 09:00:00,0.03107978059958155
2020-05-22 13:00:00,0.016340717419356027
2020-05-22 17:00:00,0.004024401642952202
2020-05-24 21:00:00,0.004098590118619891
2020-05-25 01:00:00,0.002450203438443016
2020-05-25 05:00:00,0.004037114106075879
2020-05-25 09:00:00,0.0044822520624416
2020-05-25 13:00:00,0.005845528269038293
2020-05-25 17:00:00,0.00554294847225413
2020-05-25 21:00:00,0.017645128067371074
2020-05-26 01:00:00,0.030056413107771508
2020-05-26 05:00:00,0.0607393028862025
2020-05-26 09:00:00,0.08620111467699948
2020-05-26 13:00:00,0.10619392104772894
2020-05-26 17:00:00,0.11733157489781634
2020-05-26 21:00:00,0.12207695179696923
2020-05-27 01:00:00,0.1189252978776772
2020-05-27 05:00:00,0.11609323902211655
2020-05-27 09:00:00,0.11267570418379322
2020-05-27 13:00:00,0.09347336395661554
2020-05-27 17:00:00,0.08223978028489101
2020-05-27 21:00:00,0.0790784449750355
2020-05-28 01:00:00,0.06940627501333246
2020-05-28 05:00:00,0.061144139574402075
2020-05-28 09:00:00,0.05812170872270811
2020-05-28 13:00:00,0.06766780194057402
2020-05-28 17:00:00,0.06771385873583444
2020-05-28 21:00:00,0.0630389007403791
2020-05-29 01:00:00,0.053073805568650406
2020-05-29 05:00:00,0.032701930061465316
2020-05-29 09:00:00,0.0311997551599352
2020-05-29 13:00:00,0.03992354953033253
2020-05-29 17:00:00,0.053130641928676385
2020-05-31 21:00:00,0.07034508346997964
2020-06-01 01:00:00,0.07634881254487069
2020-06-01 05:00:00,0.08156316224099441
2020-06-01 09:00:00,0.09203368527722083
2020-06-01 13:00:00,0.11331329332359237
2020-06-01 17:00:00,0.13515984607729875
2020-06-01 21:00:00,0.15596457193064495
2020-06-02 01:00:00,0.16333686152564686
2020-06-02 05:00:00,0.18906424857968512
2020-06-02 09:00:00,0.22239170059323196
2020-06-02 13:00:00,0.2538870041394889
2020-06-02 17:00:00,0.2758662530916996
2020-06-02 21:00:00,0.3016988048449119
2020-06-03 01:00:00,0.3064004380880472
2020-06-03 05:00:00,0.3097778994240056
2020-06-03 09:00:00,0.3004352288959937
2020-06-03 13:00:00,0.3024279264490677
2020-06-03 17:00:00,0.291973593731804
2020-06-03 21:00:00,0.26769991311396923
2020-06-04 01:00:00,0.2469067817529825
2020-06-04 05:00:00,0.21913282639975407
2020-06-04 09:00:00,0.18712270182056132
2020-06-04 13:00:00,0.18399599165969585
2020-06-04 17:00:00,0.18024942332270133
2020-06-04 21:00:00,0.1692801114083543
2020-06-05 01:00:00,0.16529826470163989
2020-06-05 05:00:00,0.16731708923931346
2020-06-05 09:00:00,0.18148288738375615
2020-06-05 13:00:00,0.1999438681144412
2020-06-05 17:00:00,0.1969593067804758
2020-06-07 21:00:00,0.19784609369475706
2020-06-08 01:00:00,0.1941586169573124
2020-06-08 05:00:00,0.18434034771419028
2020-06-08 09:00:00,0.15269663308968995
2020-06-08 13:00:00,0.09831202022200423
2020-06-08 17:00:00,0.06416665091859207
2020-06-08 21:00:00,0.02423318546324671
2020-06-09 01:00:00,-0.02221094256203537
2020-06-09 05:00:00,-0.08074808587678839
2020-06-09 09:00:00,-0.12112375726338097
2020-06-09 13:00:00,-0.13587820770877326
2020-06-09 17:00:00,-0.15172755482317754
2020-06-09 21:00:00,-0.16430238307863074
2020-06-10 01:00:00,-0.17618593320484344
2020-06-10 05:00:00,-0.18673854696564665
2020-06-10 09:00:00,-0.18676621721865905
2020-06-10 13:00:00,-0.1995054278401616
2020-06-10 17:00:00,-0.2146672910039632
2020-06-10 21:00:00,-0.2312828237290191
2020-06-11 01:00:00,-0.25628416855782005
2020-06-11 05:00:00,-0.2779395862057462
2020-06-11 09:00:00,-0.3054558247376532
2020-06-11 13:00:00,-0.3363231310341375
2020-06-11 17:00:00,-0.35724162974284324
2020-06-11 21:00:00,-0.38916350215845785
2020-06-12 01:00:00,-0.3880013211440884
2020-06-12 05:00:00,-0.3599525940580748
2020-06-12 09:00:00,-0.3418315375205373
2020-06-12 13:00:00,-0.34555847973466897
2020-06-12 17:00:00,-0.3393824132874275
2020-06-14 21:00:00,-0.3448239863702439
2020-06-15 01:00:00,-0.3443277805829286
2020-06-15 05:00:00,-0.3239258617942634
2020-06-15 09:00:00,-0.30170958336379794
2020-06-15 13:00:00,-0.2774180903144373
2020-06-15 17:00:00,-0.23892771085427994
2020-06-15 21:00:00,-0.19872007846991369
2020-06-16 01:00:00,-0.14972038076449956
2020-06-16 05:00:00,-0.1157981657391206
2020-06-16 09:00:00,-0.0824788002525981
2020-06-16 13:00:00,-0.07920509007530012
2020-06-16 17:00:00,-0.08234246014768888
2020-06-16 21:00:00,-0.08483003218063606
2020-06-17 01:00:00,-0.09053269630825714
2020-06-17 05:00:00,-0.08675350014356753
2020-06-17 09:00:00,-0.08687528215626923
2020-06-17 13:00:00,-0.090616370401312
2020-06-17 17:00:00,-0.09731944455290203
2020-06-17 21:00:00,-0.10986135672540034
2020-06-18 01:00:00,-0.1152204693850234
2020-06-18 05:00:00,-0.1209658475946526
2020-06-18 09:00:00,-0.15104614370216726
2020-06-18 13:00:00,-0.17891351966171504
2020-06-18 17:00:00,-0.19066623695357796
2020-06-18 21:00:00,-0.2009373734370271
2020-06-19 01:00:00,-0.20338104777296606
2020-06-19 05:00:00,-0.20307445122894446
2020-06-19 09:00:00,-0.20308400559717205
2020-06-19 13:00:00,-0.2106032190940149
2020-06-19 17:00:00,-0.2185081378560505
2020-06-21 21:00:00,-0.22047351270434776
2020-06-22 01:00:00,-0.20218320838782575
2020-06-22 05:00:00,-0.17312689300253048
2020-06-22 09:00:00,-0.15373987148134094
2020-06-22 13:00:00,-0.118329257789083
2020-06-22 17:00:00,-0.0853522936642197
2020-06-22 21:00:00,-0.05143832555807182
2020-06-23 01:00:00,-0.021277781059014008
2020-06-23 05:00:00,0.0057868824469443645
2020-06-23 09:00:00,0.01750469210162664
2020-06-23 13:00:00,0.02755869375280306
2020-06-23 17:00:00,0.039369868024462185
2020-06-23 21:00:00,0.05301779923851868
2020-06-24 01:00:00,0.06027486570389716
2020-06-24 05:00:00,0.0604288873843527
2020-06-24 09:00:00,0.06716975218523558
2020-06-24 13:00:00,0.06154376029449615
2020-06-24 17:00:00,0.05585797301291995
2020-06-24 21:00:00,0.0546368941153591
2020-06-25 01:00:00,0.05298570855888979
2020-06-25 05:00:00,0.06305306631441387
2020-06-25 09:00:00,0.06744652089112108
2020-06-25 13:00:00,0.06671768190571659
2020-06-25 17:00:00,0.06581652496726226
2020-06-25 21:00:00,0.06488153738488284
2020-06-26 01:00:00,0.06377752619479292
2020-06-26 05:00:00,0.04897803811690688
2020-06-26 09:00:00,0.03380790824725605
2020-06-26 13:00:00,0.01842064397428117
2020-06-26 17:00:00,0.004405827075169344
2020-06-28 21:00:00,0.0034277677431220344
2020-06-29 01:00:00,0.0009213376949111508
2020-06-29 05:00:00,-0.0067103295215970036
2020-06-29 09:00:00,-0.010076293320567808
2020-06-29 13:00:00,-0.008340148867172879
2020-06-29 17:00:00,-0.00781008919892695
2020-06-29 21:00:00,-0.0016724314053783162
2020-06-30 01:00:00,0.00514810579796965
2020-06-30 05:00:00,0.0019396601181724262
2020-06-30 09:00:00,0.006179195436859963
2020-06-30 13:00:00,0.040138434383914456
2020-06-30 17:00:00,0.07617698238707094
2020-06-30 21:00:00,0.10466931289712487
2020-07-01 01:00:00,0.1045583321603084
2020-07-01 05:00:00,0.10707727740685817
2020-07-01 09:00:00,0.11299490576669913
2020-07-01 13:00:00,0.13551797803959792
2020-07-01 17:00:00,0.1512530791469296
2020-07-01 21:00:00,0.16011214667889184
2020-07-02 01:00:00,0.1704438514987205
2020-07-02 05:00:00,0.1831817473870992
2020-07-02 09:00:00,0.18918259166273144
2020-07-02 13:00:00,0.18172441465345895
2020-07-02 17:00:00,0.1722907315287812
2020-07-02 21:00:00,0.16149679983759038
2020-07-03 01:00:00,0.1499272254918902
2020-07-03 05:00:00,0.13794419136281227
2020-07-03 09:00:00,0.12619159712024086
2020-07-03 13:00:00,0.11860710249550255
2020-07-03 17:00:00,0.114177746731741
2020-07-05 21:00:00,0.1139351807801858
2020-07-06 01:00:00,0.1165830280802333
2020-07-06 05:00:00,0.11221667560570042
2020-07-06 09:00:00,0.10977048619995906
2020-07-06 13:00:00,0.09666407808518264
2020-07-06 17:00:00,0.08333462490789753
2020-07-06 21:00:00,0.07621619536620353
2020-07-07 01:00:00,0.06965113213673066
2020-07-07 05:00:00,0.06373281819453452
2020-07-07 09:00:00,0.07479187181827646
2020-07-07 13:00:00,0.08507918629111008
2020-07-07 17:00:00,0.08564008926906605
2020-07-07 21:00:00,0.09333392355072552
2020-07-08 01:00:00,0.09325564009339143
2020-07-08 05:00:00,0.08481103248424629
2020-07-08 09:00:00,0.08042460475486947
2020-07-08 13:00:00,0.08350839313069489
2020-07-08 17:00:00,0.08462701568906786
2020-07-08 21:00:00,0.0853362009446445
2020-07-09 01:00:00,0.08928616504737424
2020-07-09 05:00:00,0.09319472842034288
2020-07-09 09:00:00,0.09719226781302433
2020-07-09 13:00:00,0.09715494001561477
